latitude,longitude,brightness,scan,track,acq_date,acq_time,satellite,instrument,confidence,version,bright_t31,frp,daynight
9.77134,78.26979,331.3,1.32,1.14,2026-07-01,0956,Aqua,MODIS,83,6.1NRT,297.2,30.51,D
9.76948,78.25819,331.7,1.32,1.14,2026-07-01,0956,Aqua,MODIS,83,6.1NRT,296.85,30.82,D
26.48295,79.06618,316.68,1.04,1.02,2026-07-01,1002,Aqua,MODIS,48,6.1NRT,289.65,7.03,D
30.88205,75.92687,333.09,1.01,1,2026-07-01,1004,Aqua,MODIS,84,6.1NRT,298.34,21.6,D
25.03226,87.38522,301.12,1.18,1.08,2026-07-01,2208,Aqua,MODIS,9,6.1NRT,288.77,5.21,N
20.9589,85.174,305.82,1.06,1.03,2026-07-01,2210,Aqua,MODIS,21,6.1NRT,289.62,5.4,N
20.95733,85.18382,307.87,1.06,1.03,2026-07-01,2210,Aqua,MODIS,55,6.1NRT,289.89,6.72,N
20.95576,85.19365,304.93,1.06,1.03,2026-07-01,2210,Aqua,MODIS,8,6.1NRT,289.42,4.55,N
23.69027,87.11666,314.25,2.06,1.4,2026-07-02,0902,Aqua,MODIS,63,6.1NRT,293.49,15.93,D
28.17521,94.80341,316.32,1.13,1.06,2026-07-02,0902,Aqua,MODIS,69,6.1NRT,299.25,7.77,D
23.6515,68.55938,333.19,1,1,2026-07-02,1038,Aqua,MODIS,80,6.1NRT,300.6,18.23,D
23.65009,68.5499,340.22,1,1,2026-07-02,1038,Aqua,MODIS,87,6.1NRT,304.05,29.17,D
23.80269,86.33215,316.17,1.18,1.08,2026-07-03,0304,Terra,MODIS,51,6.1NRT,295.34,8.63,D
23.78014,86.391,317.33,1.17,1.08,2026-07-03,0304,Terra,MODIS,12,6.1NRT,294.93,9.55,D
21.75999,83.84322,316.43,1.01,1.01,2026-07-03,0939,Aqua,MODIS,66,6.1NRT,294.05,7.55,D
23.16613,82.33558,313.39,1.08,1.04,2026-07-03,0939,Aqua,MODIS,57,6.1NRT,295.95,5.44,D
23.77831,86.20902,313.2,1.12,1.05,2026-07-03,0939,Aqua,MODIS,54,6.1NRT,285.72,7.55,D
24.15056,82.58331,317.44,1.04,1.02,2026-07-03,0939,Aqua,MODIS,64,6.1NRT,297.6,6.01,D
32.64217,74.93202,321.63,1.98,1.37,2026-07-03,0941,Aqua,MODIS,65,6.1NRT,299.66,23.77,D
27.33377,79.07139,321.75,1.02,1.01,2026-07-04,0345,Terra,MODIS,69,6.1NRT,297.99,7.12,D
26.64095,79.47614,322.95,1,1,2026-07-04,0345,Terra,MODIS,71,6.1NRT,297.84,9.16,D
26.63959,79.48589,319.65,1,1,2026-07-04,0345,Terra,MODIS,64,6.1NRT,298.14,6.36,D
23.16796,82.34188,312.95,1.28,1.12,2026-07-04,0345,Terra,MODIS,61,6.1NRT,293.2,8,D
25.9271,92.65955,314.15,1.87,1.34,2026-07-04,0839,Aqua,MODIS,53,6.1NRT,294.43,13.33,D
25.93428,92.65328,314.98,1.87,1.34,2026-07-04,0839,Aqua,MODIS,64,6.1NRT,294.02,15.95,D
28.1682,95.81017,317.41,1.11,1.05,2026-07-04,0839,Aqua,MODIS,43,6.1NRT,300.92,8.66,D
28.29063,94.76923,310.63,1.24,1.11,2026-07-04,0839,Aqua,MODIS,64,6.1NRT,296.48,6.43,D
23.77632,86.20857,305.49,1.14,1.06,2026-07-04,1440,Terra,MODIS,64,6.1NRT,283.88,6.13,N
23.80388,86.32544,305.1,1.13,1.06,2026-07-04,1440,Terra,MODIS,55,6.1NRT,283.03,5.68,N
33.79626,74.93584,312.24,1.19,1.09,2026-07-05,0421,Terra,MODIS,67,6.1NRT,299.92,8.4,D
9.87102,78.08221,307.02,1.41,1.18,2026-07-05,1514,Terra,MODIS,64,6.1NRT,296.76,7.38,N
9.57187,78.58781,323.37,1.7,1.28,2026-07-06,0952,Aqua,MODIS,52,6.1NRT,307.41,13.53,D
10.04575,77.94476,317.87,1.87,1.34,2026-07-06,0952,Aqua,MODIS,60,6.1NRT,300.16,14.62,D
11.05021,78.01759,317,1.77,1.3,2026-07-06,0952,Aqua,MODIS,58,6.1NRT,288.9,16.77,D
16.82455,80.13092,315.31,1.08,1.04,2026-07-06,0954,Aqua,MODIS,0,6.1NRT,290.64,6.4,D
8.76299,78.18224,306.47,2.05,1.39,2026-07-06,1552,Terra,MODIS,64,6.1NRT,296.14,11.14,N
31.92629,78.02367,307.19,1.06,1.03,2026-07-07,0402,Terra,MODIS,22,6.1NRT,288.68,5.4,D
30.87977,76.24168,314.6,1,1,2026-07-07,0402,Terra,MODIS,64,6.1NRT,295.03,5.5,D
8.62534,77.87153,314.7,1.4,1.17,2026-07-07,1028,Aqua,MODIS,41,6.1NRT,295.97,8.67,D
8.76005,78.18288,320.36,1.48,1.2,2026-07-07,1028,Aqua,MODIS,0,6.1NRT,294.55,16.65,D
8.75971,78.10379,327.44,1.46,1.2,2026-07-07,1028,Aqua,MODIS,53,6.1NRT,297.04,28.83,D
8.75791,78.09093,321.85,1.46,1.19,2026-07-07,1028,Aqua,MODIS,75,6.1NRT,296.98,17.96,D
27.52433,71.82353,337.63,1.1,1.05,2026-07-07,1034,Aqua,MODIS,78,6.1NRT,306.8,20.31,D
20.79176,85.2608,305.99,1.02,1.01,2026-07-07,1457,Terra,MODIS,66,6.1NRT,279.79,5.62,N
20.79049,85.2513,306.64,1.02,1.01,2026-07-07,1457,Terra,MODIS,69,6.1NRT,278.96,5.94,N
20.86586,84.99197,305.28,1.01,1,2026-07-07,1457,Terra,MODIS,39,6.1NRT,286.46,5.12,N
23.6869,86.09085,309.77,1.13,1.06,2026-07-07,1457,Terra,MODIS,57,6.1NRT,290.16,7.13,N
23.69265,86.08367,309.07,1.13,1.06,2026-07-07,1457,Terra,MODIS,76,6.1NRT,290.36,7.93,N
9.74718,77.67609,303.08,1.53,1.22,2026-07-07,2242,Aqua,MODIS,29,6.1NRT,291.3,8.91,N
24.07458,69.495,321.26,2.91,1.63,2026-07-08,1113,Aqua,MODIS,42,6.1NRT,296.42,25.75,D
24.11734,69.4904,322.46,2.91,1.63,2026-07-08,1113,Aqua,MODIS,23,6.1NRT,296.41,28.3,D
30.2195,74.76379,317.37,1.87,1.34,2026-07-09,0342,Terra,MODIS,37,6.1NRT,295.81,13.67,D
15.17561,76.65705,310.85,1.02,1.01,2026-07-09,0345,Terra,MODIS,51,6.1NRT,291.21,5.43,D
9.50164,78.06583,327.13,1.1,1.05,2026-07-09,0347,Terra,MODIS,79,6.1NRT,303.75,12.42,D
9.42433,78.53679,317.88,1.16,1.07,2026-07-09,0347,Terra,MODIS,40,6.1NRT,299.81,6.92,D
8.59005,77.97982,319.02,1.1,1.04,2026-07-09,1006,Aqua,MODIS,0,6.1NRT,299.83,6.51,D
8.84952,77.9795,329.63,1.09,1.04,2026-07-09,1006,Aqua,MODIS,79,6.1NRT,302.86,13.43,D
8.84804,77.96993,328.36,1.09,1.04,2026-07-09,1006,Aqua,MODIS,78,6.1NRT,303.4,11.09,D
9.30847,77.40585,319.41,1.15,1.07,2026-07-09,1006,Aqua,MODIS,54,6.1NRT,301.61,6.88,D
11.75033,78.74723,319.93,1,1,2026-07-09,1006,Aqua,MODIS,77,6.1NRT,276.95,16.54,D
14.25633,79.45434,324.81,1.02,1.01,2026-07-09,1009,Aqua,MODIS,73,6.1NRT,298.88,15.16,D
14.25501,79.44506,321.48,1.02,1.01,2026-07-09,1009,Aqua,MODIS,69,6.1NRT,296.05,12.1,D
14.3622,79.81679,330.9,1.05,1.02,2026-07-09,1009,Aqua,MODIS,81,6.1NRT,302.81,15.97,D
15.11574,79.27728,325.33,1.02,1.01,2026-07-09,1009,Aqua,MODIS,65,6.1NRT,296.02,14.84,D
15.66723,79.77483,313.86,1.06,1.03,2026-07-09,1009,Aqua,MODIS,46,6.1NRT,293.29,7.94,D
30.89356,75.62514,318.27,1.03,1.01,2026-07-09,1011,Aqua,MODIS,49,6.1NRT,294.85,8.84,D
30.89438,75.30765,322.83,1.01,1.01,2026-07-09,1011,Aqua,MODIS,65,6.1NRT,301.06,9.09,D
30.90314,75.30596,324.39,1.01,1.01,2026-07-09,1011,Aqua,MODIS,68,6.1NRT,301.09,10.78,D
31.00895,75.47011,320.82,1.02,1.01,2026-07-09,1011,Aqua,MODIS,60,6.1NRT,298.1,9.22,D
31.17685,75.47894,330.09,1.02,1.01,2026-07-09,1011,Aqua,MODIS,78,6.1NRT,298.63,20.29,D
21.10498,72.64249,305.25,2.29,1.47,2026-07-10,1516,Terra,MODIS,64,6.1NRT,293.99,14.65,N
20.96437,86.00349,310.39,1.14,1.06,2026-07-11,0323,Terra,MODIS,53,6.1NRT,280.66,7.84,D
20.9627,86.01406,328.4,1.14,1.06,2026-07-11,0323,Terra,MODIS,85,6.1NRT,280.96,28.85,D
20.79403,85.25442,308.65,1.07,1.03,2026-07-11,0323,Terra,MODIS,55,6.1NRT,281.22,5.74,D
17.48845,82.90141,306.4,1,1,2026-07-11,0325,Terra,MODIS,56,6.1NRT,284.08,3.96,D
15.51308,79.81361,324.19,1.2,1.09,2026-07-11,0325,Terra,MODIS,76,6.1NRT,298.35,16.29,D
15.51166,79.82442,332.17,1.19,1.09,2026-07-11,0325,Terra,MODIS,84,6.1NRT,297.89,29.31,D
15.41297,79.65003,318.41,1.22,1.1,2026-07-11,0325,Terra,MODIS,65,6.1NRT,298.48,7.08,D
13.22257,79.865,330.88,1.12,1.06,2026-07-11,0328,Terra,MODIS,79,6.1NRT,297.34,25.16,D
9.15919,77.97425,321.43,1.29,1.13,2026-07-11,0328,Terra,MODIS,64,6.1NRT,299.68,9.88,D
16.63151,81.28459,314.11,1.15,1.07,2026-07-11,0947,Aqua,MODIS,47,6.1NRT,298.33,5.88,D
16.70484,81.32513,314.49,1.15,1.07,2026-07-11,0947,Aqua,MODIS,40,6.1NRT,298.22,5.96,D
16.7032,81.31477,317.97,1.15,1.07,2026-07-11,0947,Aqua,MODIS,63,6.1NRT,298.68,9.83,D
19.09521,82.16584,314.41,1.02,1.01,2026-07-11,0947,Aqua,MODIS,47,6.1NRT,297.42,6.91,D
19.62557,79.45731,322.22,1.33,1.14,2026-07-11,0947,Aqua,MODIS,77,6.1NRT,296.21,18.76,D
20.96176,86.00764,307.03,1.29,1.13,2026-07-11,0947,Aqua,MODIS,58,6.1NRT,277.56,8.38,D
27.44028,70.65778,324.12,1.13,1.06,2026-07-11,1556,Terra,MODIS,100,6.1NRT,301.75,20.06,N
27.44704,70.66226,314.72,1.13,1.06,2026-07-11,1556,Terra,MODIS,83,6.1NRT,301.51,9.66,N
27.44571,70.65107,319.88,1.13,1.06,2026-07-11,1556,Terra,MODIS,99,6.1NRT,301.57,15.11,N
20.95151,86.04872,305.26,1.04,1.02,2026-07-11,2155,Aqua,MODIS,64,6.1NRT,287.22,4.88,N
20.97149,85.18149,310.25,1.11,1.05,2026-07-11,2155,Aqua,MODIS,73,6.1NRT,289.72,9.19,N
20.96231,85.18008,304.49,1.11,1.05,2026-07-11,2155,Aqua,MODIS,26,6.1NRT,289.53,5.13,N
20.96089,85.19038,304.44,1.11,1.05,2026-07-11,2155,Aqua,MODIS,19,6.1NRT,289.16,4.4,N
23.77822,86.3665,305.87,1.06,1.03,2026-07-11,2155,Aqua,MODIS,39,6.1NRT,290.01,4.37,N
23.7636,86.40523,311.16,1.06,1.03,2026-07-11,2155,Aqua,MODIS,69,6.1NRT,290.11,7.94,N
23.64895,85.44073,306.27,1.15,1.07,2026-07-11,2155,Aqua,MODIS,49,6.1NRT,290.57,7.91,N
14.11823,79.69563,310.19,2.62,1.55,2026-07-12,0404,Terra,MODIS,55,6.1NRT,284.45,15.67,D
8.39394,77.9546,320.04,1.11,1.05,2026-07-12,1021,Aqua,MODIS,57,6.1NRT,299.03,8.01,D
9.27494,78.76688,318.9,1.25,1.11,2026-07-12,1021,Aqua,MODIS,57,6.1NRT,298.2,8.07,D
11.74232,76.89375,317.31,1.07,1.03,2026-07-12,1024,Aqua,MODIS,71,6.1NRT,299.38,8.16,D
14.76175,79.17924,314.82,1.6,1.24,2026-07-12,1024,Aqua,MODIS,50,6.1NRT,288.07,12.4,D
13.38879,80.27941,309.19,2.05,1.39,2026-07-12,1454,Terra,MODIS,77,6.1NRT,295.54,15.77,N
13.39236,80.27312,309.59,2.05,1.39,2026-07-12,1454,Terra,MODIS,78,6.1NRT,295.38,16.63,N
22.57167,85.89705,303.91,1.07,1.03,2026-07-12,1457,Terra,MODIS,54,6.1NRT,286.99,3.36,N
22.35811,82.30168,302.12,1.1,1.05,2026-07-12,1457,Terra,MODIS,27,6.1NRT,283.81,4.19,N
23.76647,86.40461,310.12,1.15,1.07,2026-07-12,1457,Terra,MODIS,54,6.1NRT,290.99,6.51,N
21.10348,72.64146,304.24,1.72,1.29,2026-07-12,2233,Aqua,MODIS,59,6.1NRT,292.98,7.99,N
15.34264,76.27849,304.34,1,1,2026-07-12,2233,Aqua,MODIS,60,6.1NRT,292.66,5.14,N
15.18244,76.64494,308.3,1,1,2026-07-12,2233,Aqua,MODIS,74,6.1NRT,293.87,6.89,N
15.18108,76.65391,304.87,1,1,2026-07-12,2233,Aqua,MODIS,58,6.1NRT,294.07,4.58,N
20.96696,85.1762,310.78,1.32,1.14,2026-07-13,0304,Terra,MODIS,70,6.1NRT,278.07,11,D
20.79411,85.2588,303.83,1.3,1.13,2026-07-13,0304,Terra,MODIS,46,6.1NRT,273.18,6.06,D
14.2899,76.65656,304.56,1,1,2026-07-13,1533,Terra,MODIS,50,6.1NRT,294.2,4.1,N
15.1833,76.66554,309.22,1.01,1,2026-07-13,1533,Terra,MODIS,44,6.1NRT,298.37,4.66,N
18.60381,74.58351,305.28,1.01,1.01,2026-07-13,1533,Terra,MODIS,59,6.1NRT,294.02,4.85,N
18.40055,78.66171,322.99,1,1,2026-07-14,0345,Terra,MODIS,81,6.1NRT,294.24,15.19,D
15.30099,76.93408,313.34,1.01,1.01,2026-07-14,0345,Terra,MODIS,57,6.1NRT,294.51,5.3,D
15.17536,76.65711,314.51,1.02,1.01,2026-07-14,0345,Terra,MODIS,27,6.1NRT,298.25,5.22,D
13.56735,79.69189,314.38,1.17,1.08,2026-07-14,0345,Terra,MODIS,61,6.1NRT,298.6,7.18,D
13.56576,79.70233,313.8,1.17,1.08,2026-07-14,0345,Terra,MODIS,48,6.1NRT,297.11,6.53,D
11.36002,78.69131,312.31,1.11,1.05,2026-07-14,0345,Terra,MODIS,39,6.1NRT,290.9,6.06,D
10.9729,78.1266,314.76,1.06,1.03,2026-07-14,0345,Terra,MODIS,53,6.1NRT,300.4,5.21,D
9.82388,78.21193,313.76,1.09,1.04,2026-07-14,0347,Terra,MODIS,59,6.1NRT,296.49,6.54,D
8.3932,77.9523,323.15,1.1,1.04,2026-07-14,0347,Terra,MODIS,78,6.1NRT,300.98,13.82,D
23.71515,84.55547,303.09,1,1,2026-07-14,2210,Aqua,MODIS,53,6.1NRT,275.6,6.7,N
15.07023,76.64846,301.07,1.85,1.33,2026-07-14,2212,Aqua,MODIS,37,6.1NRT,290.35,9.62,N
15.06825,76.66409,303.36,1.85,1.33,2026-07-14,2212,Aqua,MODIS,55,6.1NRT,289.79,12.57,N
24.60605,93.36723,320.96,1,1,2026-07-15,0905,Aqua,MODIS,76,6.1NRT,295.29,13.46,D
21.10203,72.6411,321.81,1.29,1.13,2026-07-15,1043,Aqua,MODIS,0,6.1NRT,297.35,17.53,D
23.5076,69.26122,329.58,1.01,1,2026-07-15,1043,Aqua,MODIS,78,6.1NRT,301.23,16.11,D
23.50623,69.25168,326.03,1.01,1,2026-07-15,1043,Aqua,MODIS,73,6.1NRT,301.44,11.42,D
23.70253,68.56681,325.12,1,1,2026-07-15,1043,Aqua,MODIS,74,6.1NRT,301.57,11.49,D
26.64188,79.48008,310.39,1.02,1.01,2026-07-15,1516,Terra,MODIS,78,6.1NRT,295.7,6.42,N
31.02591,76.62051,312.47,1.01,1.01,2026-07-15,1516,Terra,MODIS,84,6.1NRT,297.19,7.59,N
31.02444,76.62202,311.13,1,1,2026-07-15,2246,Aqua,MODIS,82,6.1NRT,296.31,7.7,N
15.18082,76.6705,304.59,1.47,1.2,2026-07-15,2250,Aqua,MODIS,61,6.1NRT,293.45,7.86,N
23.7746,86.20593,317.12,1.15,1.07,2026-07-16,0941,Aqua,MODIS,69,6.1NRT,294.18,9.41,D
23.82066,84.57125,317.32,1.02,1.01,2026-07-16,0941,Aqua,MODIS,67,6.1NRT,294.13,9.18,D
23.76117,86.40491,306.12,2.5,1.52,2026-07-16,1416,Terra,MODIS,15,6.1NRT,291,13.82,N
9.21522,77.3039,333.26,1.67,1.27,2026-07-16,1550,Terra,MODIS,100,6.1NRT,297.23,67.05,N
9.21293,77.28565,312.14,1.67,1.27,2026-07-16,1550,Terra,MODIS,57,6.1NRT,291.77,21.63,N
9.22641,77.30256,312.78,1.67,1.27,2026-07-16,1550,Terra,MODIS,60,6.1NRT,295.26,21.19,N
23.01711,72.30412,307.17,1.2,1.09,2026-07-16,1554,Terra,MODIS,71,6.1NRT,292.36,5.94,N
22.931,69.69678,307.17,1,1,2026-07-16,1554,Terra,MODIS,61,6.1NRT,294.58,3.73,N
23.65238,85.44102,301.81,1.46,1.19,2026-07-16,2148,Aqua,MODIS,42,6.1NRT,287.84,5.07,N
24.18183,69.32272,323.7,1.76,1.3,2026-07-17,0402,Terra,MODIS,48,6.1NRT,295.88,23.08,D
14.43626,78.0242,323.35,1.07,1.03,2026-07-17,1017,Aqua,MODIS,67,6.1NRT,299.72,10.57,D
25.20361,73.54799,324.99,1,1,2026-07-17,1019,Aqua,MODIS,54,6.1NRT,302.86,10.27,D
23.59868,69.05877,324.44,1.69,1.28,2026-07-17,1019,Aqua,MODIS,71,6.1NRT,296.59,24.63,D
27.43931,70.62456,346.72,1.17,1.08,2026-07-17,1021,Aqua,MODIS,89,6.1NRT,307.84,44.29,D
27.41929,70.94666,329.68,1.13,1.06,2026-07-17,1021,Aqua,MODIS,37,6.1NRT,308.07,9.06,D
27.44121,70.63593,334.89,1.17,1.08,2026-07-17,1021,Aqua,MODIS,70,6.1NRT,307.29,19.29,D
10.46616,77.39191,304.28,1,1,2026-07-17,2229,Aqua,MODIS,59,6.1NRT,287.57,5.35,N
22.04896,88.10887,315.11,1.07,1.03,2026-07-18,0920,Aqua,MODIS,0,6.1NRT,294.5,5.48,D
22.04738,88.09887,327.81,1.07,1.03,2026-07-18,0920,Aqua,MODIS,63,6.1NRT,294.85,19.94,D
25.65675,84.70318,314.18,1.43,1.18,2026-07-18,0920,Aqua,MODIS,17,6.1NRT,291.67,10.44,D
24.08943,69.3979,331.84,1.57,1.23,2026-07-18,1100,Aqua,MODIS,67,6.1NRT,300.19,23.05,D
24.07864,69.39939,328.97,1.57,1.23,2026-07-18,1100,Aqua,MODIS,31,6.1NRT,299.9,20.32,D
24.04287,69.37414,337.12,1.56,1.23,2026-07-18,1100,Aqua,MODIS,84,6.1NRT,299.89,51.66,D
24.05363,69.37264,330.5,1.56,1.23,2026-07-18,1100,Aqua,MODIS,78,6.1NRT,299.7,30.1,D
24.08565,69.45928,333.04,1.58,1.24,2026-07-18,1100,Aqua,MODIS,82,6.1NRT,299.78,33.9,D
24.0839,69.44426,334.48,1.58,1.24,2026-07-18,1100,Aqua,MODIS,70,6.1NRT,300.23,37.15,D
24.08214,69.42927,333.75,1.57,1.24,2026-07-18,1100,Aqua,MODIS,78,6.1NRT,300.11,36.63,D
24.08039,69.41431,329.26,1.57,1.23,2026-07-18,1100,Aqua,MODIS,24,6.1NRT,299.72,22.43,D
24.09649,69.45779,331.84,1.58,1.24,2026-07-18,1100,Aqua,MODIS,77,6.1NRT,300.16,28.36,D
24.09472,69.44277,336.87,1.58,1.24,2026-07-18,1100,Aqua,MODIS,83,6.1NRT,300.07,40.78,D
24.09295,69.42778,334.07,1.57,1.24,2026-07-18,1100,Aqua,MODIS,81,6.1NRT,300.01,35.54,D
24.09119,69.41283,334.44,1.57,1.23,2026-07-18,1100,Aqua,MODIS,82,6.1NRT,300.01,36.28,D
9.32049,77.33385,356.22,1.02,1.01,2026-07-19,0345,Terra,MODIS,85,6.1NRT,284.23,72.02,D
9.31292,77.3239,380.81,1.02,1.01,2026-07-19,0345,Terra,MODIS,100,6.1NRT,293.36,155.96,D
9.31158,77.33302,358.48,1.02,1.01,2026-07-19,0345,Terra,MODIS,99,6.1NRT,291.8,77.83,D
9.30159,77.32509,317.73,1.02,1.01,2026-07-19,0345,Terra,MODIS,56,6.1NRT,287.91,12.54,D
9.34491,77.92272,313.86,1.06,1.03,2026-07-19,0345,Terra,MODIS,41,6.1NRT,287.16,5.04,D
16.97449,81.57519,316.1,1,1,2026-07-19,0956,Aqua,MODIS,59,6.1NRT,292.81,7.09,D
22.38178,87.27477,304.91,1.12,1.06,2026-07-19,1433,Terra,MODIS,39,6.1NRT,288.12,4.7,N
23.78523,69.49917,321.05,1.02,1.01,2026-07-20,1036,Aqua,MODIS,74,6.1NRT,294.25,10.72,D
23.78376,69.48953,314.16,1.02,1.01,2026-07-20,1036,Aqua,MODIS,51,6.1NRT,291.38,4.47,D
25.78041,73.69474,303.6,1.65,1.26,2026-07-20,1514,Terra,MODIS,56,6.1NRT,281.23,7.67,N
25.78403,73.70397,302.42,1.64,1.26,2026-07-20,1514,Terra,MODIS,11,6.1NRT,281.23,5.72,N
9.15904,77.30912,309.81,1.51,1.21,2026-07-21,0325,Terra,MODIS,41,6.1NRT,276.26,15.39,D
9.19004,77.29482,309.76,1.62,1.25,2026-07-21,1548,Terra,MODIS,42,6.1NRT,290.43,17.18,N
9.17905,77.29632,313.62,1.62,1.25,2026-07-21,1548,Terra,MODIS,75,6.1NRT,290.86,21.96,N
29.04661,79.6894,314.28,1.28,1.12,2026-07-22,0400,Terra,MODIS,58,6.1NRT,291.39,10.96,D
9.49695,77.60567,310.09,1,1,2026-07-23,1529,Terra,MODIS,77,6.1NRT,296.04,6.4,N
28.15813,73.14017,318.78,2.51,1.52,2026-07-24,0338,Terra,MODIS,48,6.1NRT,287.55,32.96,D
27.59125,72.23181,319.14,2.87,1.62,2026-07-24,0338,Terra,MODIS,66,6.1NRT,289.18,33.12,D
15.20471,78.90272,315.73,1.02,1.01,2026-07-24,0342,Terra,MODIS,68,6.1NRT,294.51,7.38,D
16.9029,80.76199,313.91,1.16,1.07,2026-07-24,0342,Terra,MODIS,61,6.1NRT,292.3,9.2,D
9.90106,78.1399,322.21,1.05,1.02,2026-07-24,0345,Terra,MODIS,72,6.1NRT,299.58,11.48,D
11.48188,77.68172,318.41,1.01,1,2026-07-24,0345,Terra,MODIS,64,6.1NRT,297.69,8.44,D
11.48059,77.69066,315.68,1.01,1,2026-07-24,0345,Terra,MODIS,53,6.1NRT,296.65,6.27,D
10.26789,78.84754,317.33,1.11,1.05,2026-07-24,0345,Terra,MODIS,60,6.1NRT,299.64,6.19,D
10.18056,77.55189,312.59,1.01,1.01,2026-07-24,0345,Terra,MODIS,58,6.1NRT,297.83,5.66,D
21.91954,83.34805,307.35,1.04,1.02,2026-07-24,0952,Aqua,MODIS,0,6.1NRT,278.48,7.24,D
22.35274,82.30229,315.89,1,1,2026-07-24,0952,Aqua,MODIS,63,6.1NRT,293.83,8.62,D
28.13305,76.88151,314.95,1.3,1.13,2026-07-24,0954,Aqua,MODIS,35,6.1NRT,295.08,8.1,D
27.24641,71.61391,312.33,3.11,1.67,2026-07-24,0954,Aqua,MODIS,0,6.1NRT,286.7,19.68,D
23.7414,86.4394,301.19,1.03,1.02,2026-07-24,2157,Aqua,MODIS,16,6.1NRT,282.61,4.23,N
25.76889,93.31934,314.63,1.21,1.09,2026-07-25,0852,Aqua,MODIS,66,6.1NRT,298.17,7.63,D
28.16891,94.79841,319.49,1.02,1.01,2026-07-25,0852,Aqua,MODIS,76,6.1NRT,304.34,8.52,D
8.60333,77.6819,328.77,1.13,1.06,2026-07-25,1024,Aqua,MODIS,65,6.1NRT,306.15,13.82,D
9.19003,77.53344,331.89,1.12,1.06,2026-07-25,1024,Aqua,MODIS,81,6.1NRT,304.97,16.26,D
9.18866,77.52354,326.87,1.12,1.06,2026-07-25,1024,Aqua,MODIS,75,6.1NRT,305.2,8.88,D
9.28995,77.38201,321.63,1.11,1.05,2026-07-25,1024,Aqua,MODIS,53,6.1NRT,303.56,6.29,D
10.66253,77.42379,304.35,1.16,1.07,2026-07-25,2240,Aqua,MODIS,60,6.1NRT,290.9,5.61,N
23.64766,85.43971,312.35,1.01,1,2026-07-26,0319,Terra,MODIS,60,6.1NRT,294.55,5.92,D
23.75342,85.85497,314.11,1.02,1.01,2026-07-26,0319,Terra,MODIS,64,6.1NRT,296.33,6.59,D
23.70218,86.07624,317.01,1.04,1.02,2026-07-26,0319,Terra,MODIS,61,6.1NRT,295.24,8.88,D
23.82024,84.56918,313.13,1,1,2026-07-26,0319,Terra,MODIS,57,6.1NRT,295.14,5.24,D
23.76439,86.39833,316.34,1.06,1.03,2026-07-26,0319,Terra,MODIS,66,6.1NRT,295.87,8.68,D
23.76287,86.40831,314.21,1.06,1.03,2026-07-26,0319,Terra,MODIS,54,6.1NRT,293.58,6.65,D
23.74036,86.43524,312.39,1.06,1.03,2026-07-26,0319,Terra,MODIS,31,6.1NRT,294.83,5.03,D
23.71037,86.45058,314.25,1.06,1.03,2026-07-26,0319,Terra,MODIS,50,6.1NRT,295.57,6.91,D
23.68102,86.39816,313.71,1.06,1.03,2026-07-26,0319,Terra,MODIS,0,6.1NRT,294.68,7.41,D
14.3941,79.81847,314.94,1.24,1.11,2026-07-26,0321,Terra,MODIS,60,6.1NRT,293.92,7.48,D
16.27576,80.28195,315.81,1.23,1.1,2026-07-26,0321,Terra,MODIS,49,6.1NRT,294.23,7.53,D
9.20549,77.77815,321.86,1.44,1.19,2026-07-26,0323,Terra,MODIS,70,6.1NRT,301.81,11.43,D
26.88026,77.47848,317.59,1.07,1.03,2026-07-27,0357,Terra,MODIS,65,6.1NRT,297.25,6.63,D
26.88803,71.50515,322.99,1.44,1.19,2026-07-27,0357,Terra,MODIS,63,6.1NRT,294.58,18.54,D
26.87302,71.48264,321.85,1.45,1.19,2026-07-27,0357,Terra,MODIS,25,6.1NRT,294.55,15.58,D
26.8714,71.49675,323.78,1.44,1.19,2026-07-27,0357,Terra,MODIS,67,6.1NRT,294.61,19.51,D
26.82709,71.41891,325.67,1.46,1.19,2026-07-27,0357,Terra,MODIS,75,6.1NRT,294.42,23.46,D
26.78118,71.39174,323.74,1.46,1.19,2026-07-27,0357,Terra,MODIS,46,6.1NRT,294.03,19.31,D
26.77068,71.39038,323.62,1.46,1.19,2026-07-27,0357,Terra,MODIS,39,6.1NRT,293.99,19.42,D
8.17873,77.64345,323.9,1.4,1.17,2026-07-27,1004,Aqua,MODIS,72,6.1NRT,300.13,17.26,D
8.17785,77.65081,321.6,1.39,1.17,2026-07-27,1004,Aqua,MODIS,69,6.1NRT,301.04,12.16,D
10.58449,79.66574,321.97,1.04,1.02,2026-07-27,1004,Aqua,MODIS,68,6.1NRT,299.34,6.43,D
23.67893,86.39359,302.59,1.08,1.04,2026-07-27,1452,Terra,MODIS,31,6.1NRT,284.36,6.92,N
9.52107,77.78556,325.19,2.2,1.44,2026-07-28,1041,Aqua,MODIS,67,6.1NRT,298.68,25.53,D
8.6076,77.94223,307.83,1,1,2026-07-28,1526,Terra,MODIS,66,6.1NRT,296.84,4.08,N
9.51728,77.78711,317.12,1,1,2026-07-28,1529,Terra,MODIS,94,6.1NRT,290.54,11.16,N
9.52606,77.78585,309.32,1,1,2026-07-28,1529,Terra,MODIS,76,6.1NRT,290.14,5.39,N
24.99842,75.1988,312.53,1.67,1.27,2026-07-29,0338,Terra,MODIS,54,6.1NRT,290.95,11.4,D
9.41587,78.71165,318.93,1.09,1.04,2026-07-29,0342,Terra,MODIS,70,6.1NRT,295.46,7.81,D
8.3913,77.94962,322.93,1.05,1.02,2026-07-29,0342,Terra,MODIS,77,6.1NRT,299.2,12.04,D
20.94587,86.04146,314.33,1.1,1.05,2026-07-29,0943,Aqua,MODIS,47,6.1NRT,293.68,6.13,D
20.96362,85.17407,319.34,1.03,1.02,2026-07-29,0943,Aqua,MODIS,64,6.1NRT,292.82,10.6,D
22.37561,87.27758,303.49,1.17,1.08,2026-07-29,1431,Terra,MODIS,48,6.1NRT,281.13,5.74,N
23.679,86.40153,303.12,1.21,1.09,2026-07-29,2153,Aqua,MODIS,30,6.1NRT,290.15,5.64,N
8.26479,77.61663,321.65,1,1,2026-07-30,1019,Aqua,MODIS,58,6.1NRT,300.71,7.95,D
8.60196,77.96186,325.35,1.01,1.01,2026-07-30,1019,Aqua,MODIS,62,6.1NRT,302.31,11.3,D
9.42357,78.85609,324.92,1.08,1.04,2026-07-30,1019,Aqua,MODIS,66,6.1NRT,299.9,10.85,D
9.42223,78.84657,352.7,1.08,1.04,2026-07-30,1019,Aqua,MODIS,96,6.1NRT,300.93,61.57,D
10.78093,78.60376,329.58,1.09,1.04,2026-07-30,1019,Aqua,MODIS,71,6.1NRT,290.32,22.83,D
10.77959,78.59415,324.45,1.09,1.04,2026-07-30,1019,Aqua,MODIS,77,6.1NRT,291.3,15.9,D
9.39546,77.84373,307.55,1.75,1.3,2026-07-30,1507,Terra,MODIS,70,6.1NRT,292.72,7.87,N
20.86258,84.99079,301.7,1.56,1.23,2026-07-30,1509,Terra,MODIS,16,6.1NRT,288.61,7.08,N
20.96404,85.18328,302.06,1.62,1.25,2026-07-30,1509,Terra,MODIS,43,6.1NRT,277.39,8.48,N
20.97339,85.16686,303.7,1.61,1.25,2026-07-30,1509,Terra,MODIS,37,6.1NRT,279.71,10.24,N
22.36233,82.3022,305.24,1.13,1.06,2026-07-30,1512,Terra,MODIS,33,6.1NRT,287.39,6.7,N
23.16916,82.34328,305.88,1.16,1.07,2026-07-30,1512,Terra,MODIS,66,6.1NRT,291.14,6.17,N
23.16779,82.33232,303.95,1.15,1.07,2026-07-30,1512,Terra,MODIS,58,6.1NRT,291.14,4.78,N
21.75746,83.85217,303.64,1.53,1.22,2026-07-30,2229,Aqua,MODIS,43,6.1NRT,288.33,6.31,N
21.74946,83.83587,304.19,1.52,1.22,2026-07-30,2229,Aqua,MODIS,45,6.1NRT,287.86,7.12,N
21.74694,83.84995,313.82,1.53,1.22,2026-07-30,2229,Aqua,MODIS,88,6.1NRT,287.83,19.43,N
20.97185,85.16621,304.55,1.96,1.37,2026-07-30,2229,Aqua,MODIS,61,6.1NRT,289.17,10.7,N
20.96851,85.18414,311.08,1.97,1.37,2026-07-30,2229,Aqua,MODIS,82,6.1NRT,289.81,22.72,N
21.75056,83.84386,309.31,1.01,1.01,2026-07-31,0319,Terra,MODIS,47,6.1NRT,289.57,4.25,D
20.96668,86.00411,312.74,1.06,1.03,2026-07-31,0319,Terra,MODIS,67,6.1NRT,291.52,7.42,D
20.96519,86.01401,313.45,1.06,1.03,2026-07-31,0319,Terra,MODIS,70,6.1NRT,292.21,8.28,D
20.95019,86.05215,310.25,1.07,1.03,2026-07-31,0319,Terra,MODIS,63,6.1NRT,290.99,4.89,D
20.96978,85.17921,320.37,1.01,1.01,2026-07-31,0319,Terra,MODIS,58,6.1NRT,292.69,11.7,D
20.95958,85.18722,317.66,1.01,1.01,2026-07-31,0319,Terra,MODIS,37,6.1NRT,293,9.11,D
20.88777,84.98588,312.17,1.01,1,2026-07-31,0319,Terra,MODIS,38,6.1NRT,292.72,5.07,D
20.79197,85.25395,320.88,1.02,1.01,2026-07-31,0319,Terra,MODIS,77,6.1NRT,291.82,14.22,D
20.75848,85.29699,309.63,1.02,1.01,2026-07-31,0319,Terra,MODIS,53,6.1NRT,287.39,6.13,D
11.38369,79.68633,319.57,1.2,1.09,2026-07-31,0321,Terra,MODIS,66,6.1NRT,297.75,10.56,D
20.78433,85.25417,312.74,1.52,1.22,2026-07-31,0922,Aqua,MODIS,40,6.1NRT,292.24,10.1,D
20.79488,85.2521,313.15,1.52,1.22,2026-07-31,0922,Aqua,MODIS,27,6.1NRT,292.01,11.55,D
25.94016,72.18948,320.36,1.19,1.09,2026-07-31,1552,Terra,MODIS,100,6.1NRT,293.76,16.77,N
17.36847,75.56014,315.28,1.08,1.04,2026-08-01,0400,Terra,MODIS,57,6.1NRT,296.22,7.1,D
12.3302,79.6273,324.87,1.18,1.08,2026-08-01,0958,Aqua,MODIS,75,6.1NRT,297.92,12.59,D
22.20941,84.86211,309.64,1,1,2026-08-01,1452,Terra,MODIS,78,6.1NRT,292.01,6.05,N
23.78041,86.21564,307.05,1.01,1.01,2026-08-01,2208,Aqua,MODIS,70,6.1NRT,290.94,5.48,N
23.82097,84.57587,305.25,1.02,1.01,2026-08-01,2208,Aqua,MODIS,43,6.1NRT,286.99,7.73,N
21.19598,81.41913,306.22,1.31,1.13,2026-08-01,2210,Aqua,MODIS,67,6.1NRT,289.61,7.79,N
8.8271,78.08819,319.79,1.46,1.19,2026-08-01,2212,Aqua,MODIS,99,6.1NRT,289.46,27.64,N
8.76382,78.18868,306.42,1.43,1.18,2026-08-01,2212,Aqua,MODIS,29,6.1NRT,290.02,11.67,N
11.11728,79.25729,311.23,1.07,1.03,2026-08-02,1526,Terra,MODIS,82,6.1NRT,286.52,8.58,N
14.08998,78.12283,307.09,1.03,1.01,2026-08-02,1526,Terra,MODIS,70,6.1NRT,293.44,5,N
20.96492,85.17709,313.15,1.82,1.32,2026-08-03,0336,Terra,MODIS,66,6.1NRT,285.03,16.58,D
22.14031,72.23269,312.84,2.61,1.55,2026-08-03,0336,Terra,MODIS,45,6.1NRT,285.47,32.57,D
20.70657,78.62365,308.53,1.02,1.01,2026-08-03,0336,Terra,MODIS,63,6.1NRT,285.98,4.99,D
24.07264,69.48524,325.57,3.28,1.71,2026-08-03,1117,Aqua,MODIS,79,6.1NRT,290.78,87.99,D
24.0728,69.47696,326.64,3.28,1.71,2026-08-03,1117,Aqua,MODIS,80,6.1NRT,290.92,94.41,D
19.38214,73.21275,310.99,1.38,1.16,2026-08-04,0417,Terra,MODIS,38,6.1NRT,291.43,8.64,D
12.71933,79.76971,323.68,1.07,1.03,2026-08-04,1013,Aqua,MODIS,73,6.1NRT,298.82,11.34,D
15.81791,80.07101,314.91,1.32,1.14,2026-08-05,0319,Terra,MODIS,61,6.1NRT,284.93,8.14,D
25.77991,73.69463,302.32,1.41,1.17,2026-08-05,1550,Terra,MODIS,33,6.1NRT,286.85,5.07,N
25.94331,72.19675,327.41,1.17,1.07,2026-08-05,1550,Terra,MODIS,100,6.1NRT,296.49,26.97,N
25.94194,72.18545,327.96,1.16,1.07,2026-08-05,1550,Terra,MODIS,100,6.1NRT,296.3,27.81,N
21.10371,72.63623,313.8,1.12,1.06,2026-08-06,0357,Terra,MODIS,46,6.1NRT,293.1,7.82,D
21.10234,72.64673,318.62,1.12,1.06,2026-08-06,0357,Terra,MODIS,55,6.1NRT,292.67,13.09,D
32.31604,75.50876,315.29,1.26,1.12,2026-08-06,0956,Aqua,MODIS,65,6.1NRT,297.16,8.24,D
23.80373,86.32697,303,1.02,1.01,2026-08-06,2159,Aqua,MODIS,20,6.1NRT,291.83,4.94,N
23.78398,86.21463,304.81,1.03,1.01,2026-08-06,2201,Aqua,MODIS,62,6.1NRT,292,4.15,N
18.68888,73.03724,303.8,1.28,1.12,2026-08-07,1529,Terra,MODIS,42,6.1NRT,291.5,6.14,N
25.94122,72.18837,306.15,1.13,1.06,2026-08-07,1529,Terra,MODIS,62,6.1NRT,293.6,4.46,N
25.5813,88.02829,310.78,2.28,1.46,2026-08-08,0334,Terra,MODIS,27,6.1NRT,290.31,17.63,D
15.03625,79.52296,322.85,1.03,1.01,2026-08-08,0338,Terra,MODIS,77,6.1NRT,296.12,13.76,D
14.77439,79.7958,319.09,1.05,1.02,2026-08-08,0338,Terra,MODIS,73,6.1NRT,296.38,9.39,D
14.14203,79.63628,315.78,1.05,1.02,2026-08-08,0338,Terra,MODIS,68,6.1NRT,291.52,7.63,D
14.14062,79.6457,320.39,1.05,1.02,2026-08-08,0338,Terra,MODIS,75,6.1NRT,292.17,11.94,D
13.7784,79.96626,311.74,1.08,1.04,2026-08-08,0338,Terra,MODIS,56,6.1NRT,288.67,6.84,D
29.7293,78.01792,313.19,2.25,1.45,2026-08-08,0934,Aqua,MODIS,68,6.1NRT,294.43,16.55,D
23.6655,87.15344,305.73,1.19,1.09,2026-08-08,1429,Terra,MODIS,65,6.1NRT,291.05,5.28,N
23.82487,84.56622,304.21,1.72,1.29,2026-08-08,1429,Terra,MODIS,59,6.1NRT,289.24,8.21,N
27.9823,94.22334,309.47,1.1,1.05,2026-08-09,0234,Terra,MODIS,55,6.1NRT,294.14,5.47,D
8.72471,77.55059,321.34,1.32,1.14,2026-08-09,1006,Aqua,MODIS,35,6.1NRT,296.8,11.72,D
13.42697,79.838,324.03,1,1,2026-08-09,1006,Aqua,MODIS,73,6.1NRT,299.25,11.19,D
21.75897,84.01004,311.92,2.01,1.38,2026-08-09,1009,Aqua,MODIS,48,6.1NRT,291.89,12.98,D
14.01376,79.87423,323.21,1,1,2026-08-09,1009,Aqua,MODIS,73,6.1NRT,300.87,9.83,D
14.78337,79.71379,322.86,1,1,2026-08-09,1009,Aqua,MODIS,71,6.1NRT,302.29,6.5,D
14.78999,79.70995,307.72,1.16,1.07,2026-08-09,1507,Terra,MODIS,72,6.1NRT,295.27,4.39,N
23.70047,86.06499,304.88,1.91,1.35,2026-08-09,1509,Terra,MODIS,62,6.1NRT,290.43,9.22,N
23.76416,86.39351,305.61,2.03,1.39,2026-08-09,1509,Terra,MODIS,59,6.1NRT,290.23,10.41,N
20.79773,85.26044,310.19,1.18,1.08,2026-08-09,2216,Aqua,MODIS,79,6.1NRT,288.57,10.08,N
20.96732,85.18217,307.62,1.16,1.07,2026-08-09,2216,Aqua,MODIS,72,6.1NRT,291.25,6.61,N
20.96554,85.19292,309.02,1.16,1.07,2026-08-09,2216,Aqua,MODIS,76,6.1NRT,291.09,8.02,N
20.86819,84.9929,305.82,1.14,1.06,2026-08-09,2216,Aqua,MODIS,66,6.1NRT,291.23,5.25,N
20.97838,85.17325,306.62,1.16,1.07,2026-08-09,2216,Aqua,MODIS,24,6.1NRT,291.17,5.51,N
20.96908,85.17149,310.03,1.16,1.07,2026-08-09,2216,Aqua,MODIS,69,6.1NRT,291.41,8.29,N
9.71922,77.60041,317.27,1.19,1.08,2026-08-09,2220,Aqua,MODIS,95,6.1NRT,291.92,17.43,N
9.7178,77.61026,307.04,1.18,1.08,2026-08-09,2220,Aqua,MODIS,70,6.1NRT,292.21,7.32,N
9.72715,77.61228,319.43,1.18,1.08,2026-08-09,2220,Aqua,MODIS,99,6.1NRT,291.3,19.98,N
23.78095,86.21029,307.3,1.01,1.01,2026-08-10,0315,Terra,MODIS,48,6.1NRT,283.34,5.71,D
23.67943,86.39457,309.04,1.02,1.01,2026-08-10,0315,Terra,MODIS,0,6.1NRT,286.21,5.12,D
20.9624,86.01554,318.77,1.04,1.02,2026-08-10,0317,Terra,MODIS,76,6.1NRT,282.65,14.33,D
21.17596,81.38583,312.35,1.31,1.14,2026-08-10,0317,Terra,MODIS,0,6.1NRT,292.77,8.47,D
9.85237,78.15202,318.42,1.53,1.22,2026-08-10,0319,Terra,MODIS,67,6.1NRT,296.87,12.92,D
9.71811,77.59658,319.5,1.67,1.27,2026-08-10,0319,Terra,MODIS,69,6.1NRT,295.45,20.71,D
9.71639,77.61003,315.73,1.67,1.27,2026-08-10,0319,Terra,MODIS,54,6.1NRT,295.32,14.13,D
24.98313,88.1963,315.95,1.4,1.17,2026-08-10,0911,Aqua,MODIS,34,6.1NRT,293.99,10.98,D
24.99324,88.19411,316.86,1.4,1.17,2026-08-10,0911,Aqua,MODIS,51,6.1NRT,293.08,12.47,D
18.55678,74.4977,302.96,1.24,1.11,2026-08-10,1546,Terra,MODIS,52,6.1NRT,291.05,5.59,N
18.68412,73.0426,316.62,1.07,1.03,2026-08-10,1546,Terra,MODIS,94,6.1NRT,293.97,13.63,N
29.45851,76.86754,302.22,1.05,1.02,2026-08-10,2254,Aqua,MODIS,48,6.1NRT,275.18,6.17,N
18.68211,73.04715,305.34,1,1,2026-08-10,2257,Aqua,MODIS,64,6.1NRT,291.53,5.24,N
17.68162,78.43327,309.31,1.47,1.2,2026-08-11,0357,Terra,MODIS,47,6.1NRT,293.1,8.09,D
17.58746,78.50776,314.41,1.49,1.21,2026-08-11,0357,Terra,MODIS,53,6.1NRT,293.6,11.66,D
17.57694,78.50587,311.75,1.49,1.21,2026-08-11,0357,Terra,MODIS,41,6.1NRT,293.48,8.57,D
17.95852,74.41457,313.98,1,1,2026-08-11,0357,Terra,MODIS,67,6.1NRT,294.58,6.38,D
17.18415,78.51022,310.27,1.52,1.22,2026-08-11,0357,Terra,MODIS,34,6.1NRT,291.62,8.02,D
14.98297,79.40968,319.32,1.93,1.36,2026-08-11,0947,Aqua,MODIS,59,6.1NRT,296.84,18.38,D
14.98004,79.39266,320.68,1.93,1.36,2026-08-11,0947,Aqua,MODIS,65,6.1NRT,298.88,23.23,D
16.57996,80.63852,323.8,1.46,1.19,2026-08-11,0947,Aqua,MODIS,74,6.1NRT,297.19,22.65,D
20.78662,85.25729,310.98,1.06,1.03,2026-08-11,0947,Aqua,MODIS,69,6.1NRT,285.02,6.69,D
21.74252,83.8407,328.01,1,1,2026-08-11,0947,Aqua,MODIS,63,6.1NRT,295.29,17.42,D
21.75124,83.83923,315.53,1,1,2026-08-11,0947,Aqua,MODIS,65,6.1NRT,295.64,5.57,D
21.91793,83.3487,317.95,1,1,2026-08-11,0949,Aqua,MODIS,72,6.1NRT,295.52,9.08,D
22.35292,82.29892,315.07,1.03,1.01,2026-08-11,0949,Aqua,MODIS,71,6.1NRT,296.19,7.19,D
24.62771,79.08567,312.65,1.34,1.15,2026-08-11,0949,Aqua,MODIS,48,6.1NRT,293.71,6.37,D
25.77194,84.90147,318.88,1.13,1.06,2026-08-11,0949,Aqua,MODIS,39,6.1NRT,299.25,9.45,D
20.76189,85.29624,301.86,1.01,1,2026-08-11,1448,Terra,MODIS,28,6.1NRT,282.06,3.42,N
22.36693,87.29932,306.54,1.09,1.04,2026-08-11,1448,Terra,MODIS,65,6.1NRT,286.13,5.22,N
23.56334,87.23148,302.96,1.11,1.05,2026-08-11,1448,Terra,MODIS,23,6.1NRT,285.9,5.38,N
23.66471,87.15631,306.24,1.1,1.05,2026-08-11,1448,Terra,MODIS,39,6.1NRT,289.18,6.99,N
23.67728,86.39293,305.72,1.04,1.02,2026-08-11,1448,Terra,MODIS,21,6.1NRT,286.33,5.38,N
23.68619,86.39152,305.41,1.04,1.02,2026-08-11,1448,Terra,MODIS,15,6.1NRT,285.01,5.17,N
23.71334,86.45167,308.28,1.04,1.02,2026-08-11,1448,Terra,MODIS,70,6.1NRT,292.51,5.82,N
23.6751,86.08691,306.68,1.02,1.01,2026-08-11,1448,Terra,MODIS,45,6.1NRT,291.74,5.12,N
23.70034,86.07301,307.41,1.02,1.01,2026-08-11,1448,Terra,MODIS,69,6.1NRT,290.15,5.43,N
23.76176,86.40361,308.31,1.04,1.02,2026-08-11,1448,Terra,MODIS,45,6.1NRT,286.73,6.1,N
23.80784,86.32999,308.89,1.04,1.02,2026-08-11,1448,Terra,MODIS,73,6.1NRT,293.27,5.86,N
22.57858,85.89685,300.27,1.2,1.09,2026-08-11,2155,Aqua,MODIS,23,6.1NRT,282.37,3.44,N
21.19678,81.41888,305,2.34,1.48,2026-08-11,2155,Aqua,MODIS,60,6.1NRT,287.7,19.34,N
23.81025,86.33291,305.1,1.18,1.08,2026-08-11,2155,Aqua,MODIS,25,6.1NRT,292.47,4.59,N
23.79785,86.35374,306.42,1.18,1.08,2026-08-11,2155,Aqua,MODIS,29,6.1NRT,292.75,5.42,N
23.6932,87.12224,307.1,1.09,1.04,2026-08-11,2155,Aqua,MODIS,66,6.1NRT,293.03,5.44,N
23.77165,86.40636,308.17,1.17,1.08,2026-08-11,2155,Aqua,MODIS,11,6.1NRT,292.53,6.22,N
23.6694,87.16036,305.3,1.08,1.04,2026-08-11,2155,Aqua,MODIS,57,6.1NRT,292.65,4.37,N
23.76226,86.40489,309.98,1.17,1.08,2026-08-11,2155,Aqua,MODIS,45,6.1NRT,292.52,7.9,N
23.67997,86.39765,307.78,1.17,1.08,2026-08-11,2155,Aqua,MODIS,71,6.1NRT,292.64,7.05,N
23.80658,86.33005,311.53,1.43,1.18,2026-08-12,0256,Terra,MODIS,29,6.1NRT,287.71,8.23,D
23.6778,86.09553,315.33,1.48,1.2,2026-08-12,0256,Terra,MODIS,45,6.1NRT,292.7,10.81,D
23.64706,85.4372,310.92,1.64,1.26,2026-08-12,0256,Terra,MODIS,60,6.1NRT,289.15,10,D
8.17326,77.54286,313.69,1.01,1,2026-08-12,1021,Aqua,MODIS,59,6.1NRT,296.71,5.32,D
29.31806,74.34478,321.89,1.11,1.05,2026-08-12,1028,Aqua,MODIS,69,6.1NRT,297.06,11.22,D
9.65784,77.57097,306.64,1.02,1.01,2026-08-12,1524,Terra,MODIS,30,6.1NRT,289.16,4.54,N
18.71037,74.45409,300.95,1.1,1.05,2026-08-12,1526,Terra,MODIS,28,6.1NRT,284.06,5.25,N
10.53207,77.49126,300.42,1.03,1.01,2026-08-12,2237,Aqua,MODIS,27,6.1NRT,286.92,3.11,N
10.49265,77.37737,307.26,1.03,1.01,2026-08-12,2237,Aqua,MODIS,71,6.1NRT,289.12,6.94,N
9.48689,78.81081,322.56,1.39,1.17,2026-08-14,1000,Aqua,MODIS,71,6.1NRT,298.39,11.18,D
15.64684,79.24468,321.02,1.09,1.04,2026-08-14,1002,Aqua,MODIS,65,6.1NRT,285.81,12.99,D
17.59928,80.63538,311.98,1,1,2026-08-14,1002,Aqua,MODIS,57,6.1NRT,286.74,6.51,D
23.78196,86.21371,300.01,1.03,1.01,2026-08-14,2210,Aqua,MODIS,8,6.1NRT,276.4,4.39,N
23.77787,86.39138,315.41,1.01,1.01,2026-08-15,0315,Terra,MODIS,66,6.1NRT,292.97,9.3,D
23.66339,87.15561,304.69,1.06,1.03,2026-08-15,0315,Terra,MODIS,34,6.1NRT,283.03,3.56,D
28.15413,95.59835,316.37,1.13,1.06,2026-08-15,0905,Aqua,MODIS,70,6.1NRT,293.73,9.75,D
12.54404,76.30576,313.55,1.47,1.2,2026-08-15,1038,Aqua,MODIS,54,6.1NRT,293.11,11.73,D
18.57385,74.33808,305.18,1.19,1.09,2026-08-15,1544,Terra,MODIS,63,6.1NRT,289.42,7.57,N
10.53775,77.21249,304.71,1.63,1.26,2026-08-15,2252,Aqua,MODIS,61,6.1NRT,283.65,13.62,N
11.48517,77.27206,315.72,1.49,1.21,2026-08-16,0357,Terra,MODIS,70,6.1NRT,293.95,12.75,D
23.64414,85.43589,313.89,1.01,1,2026-08-16,0941,Aqua,MODIS,51,6.1NRT,293.03,6.69,D
23.65186,85.43539,306.1,1,1,2026-08-16,1446,Terra,MODIS,67,6.1NRT,288.45,5.7,N
23.82533,84.56892,304.3,1.01,1.01,2026-08-16,1446,Terra,MODIS,59,6.1NRT,288.08,4.07,N
23.80859,86.33223,300.89,1.5,1.21,2026-08-16,2148,Aqua,MODIS,17,6.1NRT,280.56,5.71,N
32.41187,75.7207,310.73,2.23,1.45,2026-08-17,0429,Terra,MODIS,64,6.1NRT,291.25,16.42,D
8.68807,78.08659,316.71,1.01,1.01,2026-08-17,1017,Aqua,MODIS,73,6.1NRT,271.34,13.16,D
9.31276,77.37868,313.25,1.05,1.02,2026-08-17,1017,Aqua,MODIS,43,6.1NRT,287.4,5.48,D
9.88544,77.8684,328.88,1.01,1.01,2026-08-17,1017,Aqua,MODIS,80,6.1NRT,306.54,8.91,D
10.41823,77.10679,314.83,1.05,1.02,2026-08-17,1017,Aqua,MODIS,66,6.1NRT,290.35,10.92,D
10.8723,78.80228,321.03,1.01,1,2026-08-17,1017,Aqua,MODIS,63,6.1NRT,298.42,9.05,D
13.83338,79.28583,307.83,1.08,1.04,2026-08-17,1017,Aqua,MODIS,29,6.1NRT,274.67,6.62,D
14.25446,79.73466,316.54,1.13,1.06,2026-08-17,1017,Aqua,MODIS,50,6.1NRT,292.79,9.15,D
8.68674,78.0777,326.51,1.01,1.01,2026-08-17,1017,Aqua,MODIS,83,6.1NRT,273.49,23.26,D
12.69752,77.96246,304.24,1,1,2026-08-17,1524,Terra,MODIS,59,6.1NRT,292.16,4.21,N
15.17453,76.66125,301.91,1.02,1.01,2026-08-17,1524,Terra,MODIS,30,6.1NRT,281.72,3.48,N
11.62409,77.01492,300.85,1.04,1.02,2026-08-17,1524,Terra,MODIS,15,6.1NRT,288.99,4.23,N
13.82752,79.28107,310.45,1.01,1.01,2026-08-18,0334,Terra,MODIS,42,6.1NRT,288.11,5.77,D
9.86454,77.70525,319.65,1,1,2026-08-18,0336,Terra,MODIS,69,6.1NRT,302.21,4.86,D
9.79235,77.42022,314.26,1,1,2026-08-18,0336,Terra,MODIS,50,6.1NRT,299.24,5.09,D
8.64668,77.894,318.34,1,1,2026-08-18,0336,Terra,MODIS,32,6.1NRT,302.94,5.49,D
8.73371,77.6069,372.48,2.43,1.5,2026-08-19,0954,Aqua,MODIS,100,6.1NRT,298.01,407.79,D
8.73011,77.58573,364.59,2.44,1.51,2026-08-19,0954,Aqua,MODIS,100,6.1NRT,298.33,318.3,D
20.96238,85.18019,318.32,1.33,1.14,2026-08-19,0956,Aqua,MODIS,71,6.1NRT,294.5,12.95,D
8.74028,77.60776,335.78,2.18,1.43,2026-08-19,1501,Terra,MODIS,100,6.1NRT,294.44,103.17,N
8.73739,77.58868,329.86,2.19,1.43,2026-08-19,1501,Terra,MODIS,100,6.1NRT,294.24,78.34,N
8.74178,77.60125,344.38,2.18,1.43,2026-08-19,1501,Terra,MODIS,100,6.1NRT,294.61,148.6,N
8.73874,77.58217,313.39,2.19,1.43,2026-08-19,1501,Terra,MODIS,85,6.1NRT,293.92,26.6,N
23.76121,86.40679,304.56,1.01,1,2026-08-19,2203,Aqua,MODIS,61,6.1NRT,285.44,5.52,N
23.78065,86.21444,302.98,1.01,1.01,2026-08-19,2203,Aqua,MODIS,49,6.1NRT,282.31,5.09,N
23.73952,86.43232,301.57,1.01,1,2026-08-19,2203,Aqua,MODIS,23,6.1NRT,281.97,3.39,N
23.68121,86.4028,302.25,1.01,1,2026-08-19,2203,Aqua,MODIS,33,6.1NRT,280.05,4.25,N
22.7938,86.20891,305.66,1.01,1,2026-08-19,2203,Aqua,MODIS,65,6.1NRT,293.33,4.53,N
22.38011,87.285,305.2,1.01,1.01,2026-08-19,2203,Aqua,MODIS,51,6.1NRT,289.55,3.94,N
22.36842,87.30238,306.33,1.01,1.01,2026-08-19,2203,Aqua,MODIS,59,6.1NRT,290.39,4.57,N
20.9731,86.00863,304.29,1,1,2026-08-19,2203,Aqua,MODIS,59,6.1NRT,292.94,3.75,N
20.95744,86.05356,306.56,1,1,2026-08-19,2203,Aqua,MODIS,68,6.1NRT,292.78,5.04,N
20.89182,84.98264,304.21,1.04,1.02,2026-08-19,2203,Aqua,MODIS,59,6.1NRT,290.21,4.5,N
20.762,85.29755,304.51,1.02,1.01,2026-08-19,2203,Aqua,MODIS,60,6.1NRT,292.44,3.99,N
8.75209,77.59518,306.91,2.05,1.39,2026-08-19,2210,Aqua,MODIS,68,6.1NRT,292.88,14.7,N
8.74962,77.61304,308.57,2.04,1.39,2026-08-19,2210,Aqua,MODIS,75,6.1NRT,292.88,17.17,N
8.73991,77.59354,307.15,2.05,1.39,2026-08-19,2210,Aqua,MODIS,49,6.1NRT,293.06,14.03,N
8.73745,77.61146,310.36,2.04,1.39,2026-08-19,2210,Aqua,MODIS,80,6.1NRT,293.35,19.65,N
23.76769,86.40354,309.53,1.01,1,2026-08-20,0313,Terra,MODIS,32,6.1NRT,285.08,4.83,D
23.7589,86.40206,310.28,1.01,1,2026-08-20,0313,Terra,MODIS,43,6.1NRT,284.65,5.33,D
23.77794,86.20943,311.62,1,1,2026-08-20,0313,Terra,MODIS,63,6.1NRT,292.16,6.19,D
23.71529,86.45361,311.13,1.01,1,2026-08-20,0313,Terra,MODIS,59,6.1NRT,289.73,5.33,D
23.68589,86.39312,307.59,1.01,1,2026-08-20,0313,Terra,MODIS,0,6.1NRT,288.87,3.9,D
23.67621,86.08837,316.55,1,1,2026-08-20,0313,Terra,MODIS,71,6.1NRT,293.58,9.86,D
22.5621,88.18186,313.61,1.17,1.08,2026-08-20,0315,Terra,MODIS,63,6.1NRT,293.69,8.05,D
22.37899,87.28224,315.76,1.07,1.03,2026-08-20,0315,Terra,MODIS,48,6.1NRT,294.8,8.45,D
22.36686,87.3009,313.65,1.08,1.04,2026-08-20,0315,Terra,MODIS,37,6.1NRT,294.17,6.53,D
20.99708,86.01276,310.39,1.02,1.01,2026-08-20,0315,Terra,MODIS,55,6.1NRT,294.39,4.56,D
20.97058,86.00843,313.13,1.02,1.01,2026-08-20,0315,Terra,MODIS,63,6.1NRT,294.35,6.14,D
20.94733,86.04345,313.18,1.02,1.01,2026-08-20,0315,Terra,MODIS,61,6.1NRT,295.06,5.54,D
20.94592,86.05294,312.7,1.02,1.01,2026-08-20,0315,Terra,MODIS,62,6.1NRT,295.23,5.25,D
8.74104,77.59418,323.06,1.73,1.29,2026-08-20,0317,Terra,MODIS,74,6.1NRT,299.22,22.67,D
8.73907,77.60947,324.51,1.73,1.29,2026-08-20,0317,Terra,MODIS,76,6.1NRT,299.28,26.36,D
11.64482,79.12388,331.2,1.69,1.28,2026-08-20,1032,Aqua,MODIS,83,6.1NRT,297.09,44.92,D
8.73907,77.60104,308.76,1.38,1.16,2026-08-20,1541,Terra,MODIS,74,6.1NRT,286.65,12.28,N
15.18186,76.6703,306.78,1.46,1.19,2026-08-20,1544,Terra,MODIS,69,6.1NRT,291.35,10.19,N
26.83461,84.37882,311.95,2.42,1.5,2026-08-21,0349,Terra,MODIS,59,6.1NRT,291.4,16.37,D
17.29645,78.43307,313.19,1.4,1.17,2026-08-21,0353,Terra,MODIS,28,6.1NRT,294.73,8.02,D
13.22234,77.77236,309.27,1.47,1.2,2026-08-21,0353,Terra,MODIS,37,6.1NRT,292.47,7.86,D
18.68743,73.04137,310.21,1.09,1.04,2026-08-21,0353,Terra,MODIS,0,6.1NRT,295.19,6.42,D
12.66397,77.79389,310.24,1.51,1.21,2026-08-21,0355,Terra,MODIS,53,6.1NRT,293.85,8.23,D
23.64456,85.44167,312.17,1.03,1.02,2026-08-21,0934,Aqua,MODIS,43,6.1NRT,294.31,5.96,D
23.66924,86.08492,317.57,1.01,1,2026-08-21,0934,Aqua,MODIS,46,6.1NRT,296.27,7.56,D
23.79782,86.32898,321.4,1,1,2026-08-21,0934,Aqua,MODIS,71,6.1NRT,296.84,10.89,D
23.75385,85.85823,312.4,1.01,1.01,2026-08-21,0934,Aqua,MODIS,58,6.1NRT,289.63,6.03,D
22.37679,87.27921,306.4,1.27,1.12,2026-08-22,0253,Terra,MODIS,40,6.1NRT,278.89,5.63,D
11.7236,78.68299,321.27,1.04,1.02,2026-08-22,1009,Aqua,MODIS,63,6.1NRT,297.51,13.43,D
9.28012,77.34354,323.16,1.28,1.12,2026-08-22,1009,Aqua,MODIS,38,6.1NRT,294.55,18.04,D
9.27859,77.33371,321.4,1.28,1.12,2026-08-22,1009,Aqua,MODIS,25,6.1NRT,294.71,16.98,D
10.49534,79.24933,319.01,1.02,1.01,2026-08-22,1009,Aqua,MODIS,60,6.1NRT,298.52,7.89,D
11.66759,78.67307,323.52,1.04,1.02,2026-08-22,1009,Aqua,MODIS,69,6.1NRT,297.06,16.11,D
11.66617,78.66376,335.69,1.04,1.02,2026-08-22,1009,Aqua,MODIS,86,6.1NRT,299.75,33,D
11.71475,78.68454,328.09,1.04,1.02,2026-08-22,1009,Aqua,MODIS,75,6.1NRT,297.17,20.5,D
11.88612,79.33543,327.53,1.01,1,2026-08-22,1009,Aqua,MODIS,79,6.1NRT,300.44,14.48,D
12.25268,78.99024,321.58,1.02,1.01,2026-08-22,1009,Aqua,MODIS,44,6.1NRT,300.76,5.42,D
29.45206,76.86165,321.58,1.03,1.02,2026-08-22,1015,Aqua,MODIS,65,6.1NRT,300.07,11.01,D
9.27866,77.32851,304.5,1.07,1.03,2026-08-22,1522,Terra,MODIS,41,6.1NRT,290.8,4.29,N
9.65672,77.39232,320.45,1.06,1.03,2026-08-22,1522,Terra,MODIS,100,6.1NRT,288.29,21.01,N
9.70019,77.43598,313.12,1.05,1.03,2026-08-22,1522,Terra,MODIS,86,6.1NRT,289.2,11.69,N
15.17747,76.67934,314.5,1.03,1.01,2026-08-22,1524,Terra,MODIS,89,6.1NRT,290.42,10.44,N
15.22705,76.75935,303.82,1.02,1.01,2026-08-22,1524,Terra,MODIS,57,6.1NRT,289.64,4.16,N
21.10824,72.64632,301.91,1.35,1.15,2026-08-22,1524,Terra,MODIS,13,6.1NRT,289.62,6.33,N
29.45829,76.86964,319.27,1.15,1.07,2026-08-22,1526,Terra,MODIS,98,6.1NRT,296.1,15.72,N
29.45693,76.85818,311.35,1.14,1.07,2026-08-22,1526,Terra,MODIS,78,6.1NRT,296.15,7.62,N
21.75038,83.84035,302.77,1.04,1.02,2026-08-22,2220,Aqua,MODIS,45,6.1NRT,279.14,5.12,N
21.74885,83.85003,300.1,1.04,1.02,2026-08-22,2220,Aqua,MODIS,6,6.1NRT,278.85,3.82,N
10.95298,77.01509,308.89,1.04,1.02,2026-08-23,0334,Terra,MODIS,53,6.1NRT,274.39,7.99,D
9.12686,77.60653,321.12,1,1,2026-08-23,0334,Terra,MODIS,65,6.1NRT,300.52,8.51,D
23.69333,87.12032,304.06,1.29,1.13,2026-08-23,1427,Terra,MODIS,13,6.1NRT,287.7,7.38,N
32.39951,75.70441,311.52,1.48,1.2,2026-08-24,0954,Aqua,MODIS,17,6.1NRT,296.07,7.03,D
25.94186,72.1828,309.57,1.08,1.04,2026-08-25,1544,Terra,MODIS,71,6.1NRT,297.86,5.22,N
25.94316,72.19324,325.59,1.08,1.04,2026-08-25,1544,Terra,MODIS,100,6.1NRT,298.21,21.39,N
11.40139,77.46828,300.3,1.04,1.02,2026-08-25,2240,Aqua,MODIS,17,6.1NRT,287.22,3.37,N
12.75397,76.88705,309.63,1.27,1.12,2026-08-26,0353,Terra,MODIS,63,6.1NRT,290.77,5.22,D
21.75373,83.84193,313.6,1.66,1.27,2026-08-26,0928,Aqua,MODIS,56,6.1NRT,292.64,11.49,D
20.97398,85.17289,313.08,1.04,1.02,2026-08-26,1444,Terra,MODIS,86,6.1NRT,293.4,8.78,N
20.96594,85.19036,309.52,1.04,1.02,2026-08-26,1444,Terra,MODIS,76,6.1NRT,293.26,6.02,N
20.95059,86.05023,307.47,1,1,2026-08-26,1444,Terra,MODIS,59,6.1NRT,293.62,4.14,N
20.96287,86.01005,307.72,1,1,2026-08-26,1444,Terra,MODIS,57,6.1NRT,293.5,4.14,N
20.8637,84.9892,307.93,1.05,1.02,2026-08-26,1444,Terra,MODIS,66,6.1NRT,292.22,5.94,N
20.96456,85.18073,310.58,1.04,1.02,2026-08-26,1444,Terra,MODIS,79,6.1NRT,293.65,6.52,N
20.96317,85.17108,313.74,1.04,1.02,2026-08-26,1444,Terra,MODIS,87,6.1NRT,294.04,8.83,N
20.97351,85.18336,301.97,3.08,1.67,2026-08-26,2138,Aqua,MODIS,26,6.1NRT,287.51,17.78,N
29.65053,76.97887,303.85,1.75,1.3,2026-08-26,2312,Aqua,MODIS,57,6.1NRT,289.32,8.3,N
33.6073,77.7849,304.46,2.71,1.58,2026-08-27,0427,Terra,MODIS,20,6.1NRT,288.78,11.92,D
9.38066,77.55781,319.37,1.64,1.26,2026-08-27,1004,Aqua,MODIS,34,6.1NRT,295.85,12.51,D
11.17951,78.23668,318.15,1.37,1.16,2026-08-27,1004,Aqua,MODIS,30,6.1NRT,296.1,10.52,D
21.74315,83.8423,314.86,1.52,1.22,2026-08-27,1006,Aqua,MODIS,50,6.1NRT,277.11,18.05,D
18.53371,74.40224,305.2,1.2,1.09,2026-08-27,1522,Terra,MODIS,63,6.1NRT,290.52,7.22,N
18.58396,74.44306,309.16,1.19,1.08,2026-08-27,1522,Terra,MODIS,77,6.1NRT,291.68,10.03,N
29.92134,74.95511,303.46,4.5,1.95,2026-08-27,2212,Aqua,MODIS,55,6.1NRT,292.84,34.97,N
16.065,79.70681,317.81,1,1,2026-08-28,0332,Terra,MODIS,58,6.1NRT,300.26,5.6,D
16.02722,79.71971,321.31,1,1,2026-08-28,0332,Terra,MODIS,65,6.1NRT,299.61,8.95,D
15.91515,79.33801,318.43,1,1,2026-08-28,0332,Terra,MODIS,62,6.1NRT,299.97,5.79,D
15.33159,79.23282,316.58,1,1,2026-08-28,0332,Terra,MODIS,59,6.1NRT,299.11,6.62,D
13.82107,79.2636,321.69,1,1,2026-08-28,0334,Terra,MODIS,59,6.1NRT,297.73,15.31,D
12.10217,76.99417,309.2,1.08,1.04,2026-08-28,0334,Terra,MODIS,51,6.1NRT,292.99,5.61,D
11.24578,78.18089,316.5,1,1,2026-08-28,0334,Terra,MODIS,63,6.1NRT,295.56,5.5,D
10.14434,77.74384,330.28,1.01,1,2026-08-28,0334,Terra,MODIS,79,6.1NRT,303.05,18.76,D
9.3496,77.55766,321,1.01,1,2026-08-28,0334,Terra,MODIS,70,6.1NRT,303.45,6.5,D
8.94464,78.01625,321.99,1,1,2026-08-28,0334,Terra,MODIS,72,6.1NRT,304.25,7.27,D
8.70993,77.97327,331.28,1,1,2026-08-28,0334,Terra,MODIS,84,6.1NRT,301.53,19,D
8.70113,77.97204,319.8,1,1,2026-08-28,0334,Terra,MODIS,72,6.1NRT,300.36,6.27,D
22.0128,85.49667,309.31,3.25,1.7,2026-08-28,0907,Aqua,MODIS,48,6.1NRT,288.83,22.53,D
22.02734,85.49293,309.65,3.25,1.7,2026-08-28,0907,Aqua,MODIS,52,6.1NRT,288.95,24.28,D
8.89478,77.84936,323.55,1.76,1.3,2026-08-28,1043,Aqua,MODIS,73,6.1NRT,301.87,18.54,D
15.17881,76.65878,302.66,1.3,1.13,2026-08-28,2254,Aqua,MODIS,51,6.1NRT,291.39,5.52,N
15.17688,76.67044,301.97,1.31,1.13,2026-08-28,2254,Aqua,MODIS,43,6.1NRT,291.29,4.91,N
23.6914,87.11943,309.47,1.02,1.01,2026-08-30,0310,Terra,MODIS,46,6.1NRT,286.72,4.9,D
23.75946,86.40434,308.56,1,1,2026-08-30,0310,Terra,MODIS,0,6.1NRT,285.92,3.64,D
22.36086,87.30412,310.17,1.04,1.02,2026-08-30,0310,Terra,MODIS,55,6.1NRT,286.64,5.59,D
34.21593,75.06476,301.57,3.57,1.77,2026-08-30,0444,Terra,MODIS,35,6.1NRT,283.48,24.13,D
13.80798,79.26424,318.04,1.1,1.05,2026-08-30,1019,Aqua,MODIS,68,6.1NRT,295.32,10.84,D
13.81712,79.26302,316.18,1.1,1.05,2026-08-30,1019,Aqua,MODIS,41,6.1NRT,296.71,9.17,D
13.83607,79.33176,316.14,1.11,1.05,2026-08-30,1019,Aqua,MODIS,63,6.1NRT,296.68,7.56,D
14.89212,79.23489,324.37,1.12,1.06,2026-08-30,1019,Aqua,MODIS,75,6.1NRT,295.41,16,D
21.09762,72.64725,315.13,1.24,1.11,2026-08-30,1021,Aqua,MODIS,0,6.1NRT,297.76,8.45,D
21.10721,72.64541,315.5,1.24,1.11,2026-08-30,1021,Aqua,MODIS,50,6.1NRT,298.32,8.91,D
18.66535,74.04346,308.12,1.08,1.04,2026-08-30,1541,Terra,MODIS,74,6.1NRT,292.22,8.34,N
10.44773,77.48201,303.87,1.01,1,2026-08-30,2231,Aqua,MODIS,57,6.1NRT,290.91,5.53,N
9.26145,78.27647,325,1.74,1.29,2026-08-31,0353,Terra,MODIS,79,6.1NRT,306.86,16.75,D
14.59311,79.73858,320.28,1.27,1.12,2026-09-01,0958,Aqua,MODIS,67,6.1NRT,296.1,13.81,D
15.82576,79.85383,327.58,1.2,1.09,2026-09-01,0958,Aqua,MODIS,73,6.1NRT,301.43,16.92,D
15.82406,79.84303,322.78,1.2,1.09,2026-09-01,0958,Aqua,MODIS,50,6.1NRT,301.52,11.75,D
15.8293,79.84788,327.66,1.2,1.09,2026-09-01,0958,Aqua,MODIS,66,6.1NRT,302.1,15.63,D
24.52235,75.94724,311.67,1.51,1.21,2026-09-01,1002,Aqua,MODIS,64,6.1NRT,292.08,9.39,D
9.57112,77.54124,310.81,1.09,1.04,2026-09-01,1518,Terra,MODIS,67,6.1NRT,295.29,7.42,N
9.58157,77.5496,314.22,1.08,1.04,2026-09-01,1518,Terra,MODIS,88,6.1NRT,294.42,9.63,N
9.58024,77.54022,319.03,1.09,1.04,2026-09-01,1518,Terra,MODIS,98,6.1NRT,293.91,14.8,N
9.58932,77.54208,306.04,1.08,1.04,2026-09-01,1518,Terra,MODIS,63,6.1NRT,294.49,3.45,N
18.454,74.43011,327.17,1.23,1.1,2026-09-01,1522,Terra,MODIS,100,6.1NRT,291.43,32.12,N
18.45231,74.41891,305.32,1.23,1.1,2026-09-01,1522,Terra,MODIS,64,6.1NRT,290.63,6.4,N
18.49282,74.2073,306.6,1.26,1.12,2026-09-01,1522,Terra,MODIS,69,6.1NRT,291.84,8,N
18.50253,74.20557,303.39,1.26,1.12,2026-09-01,1522,Terra,MODIS,46,6.1NRT,291.7,5.07,N
18.56091,74.30686,300.84,1.24,1.11,2026-09-01,1522,Terra,MODIS,34,6.1NRT,290.6,4.06,N
17.95656,80.79465,313.96,1.01,1,2026-09-02,0330,Terra,MODIS,70,6.1NRT,292.87,6.71,D
14.75673,79.6914,319.24,1,1,2026-09-02,0332,Terra,MODIS,70,6.1NRT,296.23,5.96,D
12.06543,79.60217,318.69,1.01,1.01,2026-09-02,0332,Terra,MODIS,64,6.1NRT,294.53,8.52,D
12.25058,77.16926,311.24,1.09,1.04,2026-09-02,0332,Terra,MODIS,53,6.1NRT,293.29,6.09,D
11.59171,77.2715,314.09,1.06,1.03,2026-09-02,0332,Terra,MODIS,58,6.1NRT,296.23,8.56,D
10.77215,78.89324,326.07,1,1,2026-09-02,0332,Terra,MODIS,74,6.1NRT,300.95,13.09,D
10.05997,77.48689,316.13,1.03,1.01,2026-09-02,0332,Terra,MODIS,62,6.1NRT,296.17,6.26,D
9.29323,77.48998,321.49,1.02,1.01,2026-09-02,0334,Terra,MODIS,72,6.1NRT,302.15,7.35,D
8.39961,77.68332,325.75,1.01,1,2026-09-02,0334,Terra,MODIS,77,6.1NRT,304.31,10.58,D
8.26962,77.61638,323.86,1.01,1,2026-09-02,0334,Terra,MODIS,76,6.1NRT,303.16,10.02,D
12.09725,77.06553,316.63,1.29,1.13,2026-09-02,1034,Aqua,MODIS,54,6.1NRT,294.71,11.21,D
15.18333,76.66036,304.19,1.06,1.03,2026-09-02,2246,Aqua,MODIS,26,6.1NRT,291.55,4.18,N
15.18183,76.66988,305.82,1.06,1.03,2026-09-02,2246,Aqua,MODIS,65,6.1NRT,291.39,5.39,N
15.18033,76.67941,304.8,1.06,1.03,2026-09-02,2246,Aqua,MODIS,27,6.1NRT,291.56,4.73,N
27.3769,95.34052,309.74,1.08,1.04,2026-09-03,0228,Terra,MODIS,46,6.1NRT,289.96,5.24,D
29.90999,74.94506,321.82,1.07,1.03,2026-09-03,0406,Terra,MODIS,68,6.1NRT,297.75,13.22,D
23.70473,86.44762,315.73,1,1,2026-09-03,0939,Aqua,MODIS,72,6.1NRT,296.46,7.61,D
23.73263,86.43703,313.69,1,1,2026-09-03,0939,Aqua,MODIS,54,6.1NRT,294.72,7.89,D
23.77018,86.20729,310.01,1,1,2026-09-03,0939,Aqua,MODIS,59,6.1NRT,292.93,3.71,D
23.76878,86.19783,310.67,1,1,2026-09-03,0939,Aqua,MODIS,62,6.1NRT,292.73,4.41,D
23.8012,86.33105,316.91,1,1,2026-09-03,0939,Aqua,MODIS,62,6.1NRT,296.69,8.56,D
29.9098,74.95193,314.59,3.34,1.72,2026-09-03,0939,Aqua,MODIS,60,6.1NRT,291.04,48.91,D
23.67901,86.394,318.19,1,1,2026-09-03,0939,Aqua,MODIS,0,6.1NRT,296,10.45,D
20.79402,85.25333,309.46,1.31,1.13,2026-09-03,1501,Terra,MODIS,77,6.1NRT,290.47,9.82,N
20.965,86.0109,315.98,1.47,1.2,2026-09-03,1501,Terra,MODIS,92,6.1NRT,290.42,21.12,N
23.76543,86.40535,306.51,1.71,1.28,2026-09-03,1501,Terra,MODIS,42,6.1NRT,290.9,10.39,N
23.76469,86.39982,309,1.71,1.28,2026-09-03,1501,Terra,MODIS,53,6.1NRT,291.14,13.02,N
23.80301,86.32922,302.27,1.69,1.28,2026-09-03,1501,Terra,MODIS,18,6.1NRT,285,6.61,N
20.9705,85.17382,301.86,2.15,1.42,2026-09-03,2144,Aqua,MODIS,20,6.1NRT,287.17,15.42,N
23.76729,86.40344,305.8,1.91,1.35,2026-09-03,2144,Aqua,MODIS,51,6.1NRT,289.21,12.36,N
23.80202,86.32944,315.4,1,1,2026-09-04,0308,Terra,MODIS,69,6.1NRT,294.31,7.69,D
23.78305,86.20914,312.36,1,1,2026-09-04,0308,Terra,MODIS,47,6.1NRT,294.62,5.02,D
23.76486,86.40143,321.42,1,1,2026-09-04,0308,Terra,MODIS,77,6.1NRT,296.01,11.68,D
20.9532,86.05294,314.46,1,1,2026-09-04,0308,Terra,MODIS,61,6.1NRT,295.5,6.29,D
20.96736,86.01695,313.32,1,1,2026-09-04,0308,Terra,MODIS,39,6.1NRT,295.84,5.68,D
20.9687,86.0076,317.58,1,1,2026-09-04,0308,Terra,MODIS,72,6.1NRT,295.78,9.59,D
23.64901,85.4397,313.41,1.03,1.01,2026-09-04,0308,Terra,MODIS,66,6.1NRT,292.74,7.61,D
23.75806,85.85587,312.45,1.01,1,2026-09-04,0308,Terra,MODIS,49,6.1NRT,294.07,6.12,D
23.77426,86.20771,313.6,1,1,2026-09-04,0308,Terra,MODIS,66,6.1NRT,294.85,6.41,D
27.72401,94.38616,307.63,1.89,1.34,2026-09-04,0839,Aqua,MODIS,49,6.1NRT,291.9,10.09,D
9.96503,77.89649,325.22,1.13,1.06,2026-09-04,1011,Aqua,MODIS,78,6.1NRT,293.98,12.21,D
9.13545,77.60182,325.89,1.2,1.09,2026-09-04,1011,Aqua,MODIS,72,6.1NRT,303.29,9.79,D
15.17327,76.85405,316.02,1.11,1.05,2026-09-04,1013,Aqua,MODIS,35,6.1NRT,290.19,7.75,D
22.35558,82.3031,309.34,1.68,1.28,2026-09-04,1017,Aqua,MODIS,56,6.1NRT,292,9.06,D
25.93598,72.1917,324.63,1.41,1.17,2026-09-04,1017,Aqua,MODIS,66,6.1NRT,302.75,10.29,D
22.35515,82.29759,310.67,1.68,1.28,2026-09-04,1017,Aqua,MODIS,61,6.1NRT,292.19,11.76,D
29.90577,74.94418,318.27,1,1,2026-09-04,1019,Aqua,MODIS,35,6.1NRT,300.9,6.63,D
29.90727,74.95418,319.63,1,1,2026-09-04,1019,Aqua,MODIS,55,6.1NRT,302.84,7.68,D
27.38005,95.33138,305.95,1,1,2026-09-04,1403,Terra,MODIS,65,6.1NRT,292.75,3.91,N
18.58028,74.33064,306.26,1.09,1.04,2026-09-04,1539,Terra,MODIS,67,6.1NRT,292.1,6.24,N
18.579,74.32064,314.91,1.09,1.04,2026-09-04,1539,Terra,MODIS,90,6.1NRT,292.1,13.47,N
23.16555,82.34685,300.22,1,1,2026-09-04,2222,Aqua,MODIS,22,6.1NRT,289.9,3.16,N
21.92732,83.35169,304.84,1.02,1.01,2026-09-04,2225,Aqua,MODIS,62,6.1NRT,292.38,4.9,N
21.76573,84.02293,304.68,1.07,1.03,2026-09-04,2225,Aqua,MODIS,61,6.1NRT,292.13,5.24,N
21.74775,83.8408,315.68,1.06,1.03,2026-09-04,2225,Aqua,MODIS,47,6.1NRT,291.79,14.43,N
21.74618,83.85062,309.2,1.06,1.03,2026-09-04,2225,Aqua,MODIS,33,6.1NRT,292.18,8.04,N
20.9731,85.17515,311.21,1.24,1.1,2026-09-04,2225,Aqua,MODIS,66,6.1NRT,292.9,10.3,N
20.96352,85.17329,306.97,1.24,1.1,2026-09-04,2225,Aqua,MODIS,44,6.1NRT,292.92,6.65,N
20.96161,85.18471,304.59,1.24,1.11,2026-09-04,2225,Aqua,MODIS,13,6.1NRT,292.66,4.89,N
20.7979,85.25365,308.23,1.25,1.11,2026-09-04,2225,Aqua,MODIS,59,6.1NRT,292.18,7.94,N
20.79331,85.25916,309.63,1.26,1.11,2026-09-04,2225,Aqua,MODIS,77,6.1NRT,292.55,9.3,N
15.18394,76.66965,303.16,1.48,1.2,2026-09-04,2225,Aqua,MODIS,54,6.1NRT,292.85,6.71,N
11.02083,77.72265,305.16,1.13,1.06,2026-09-04,2227,Aqua,MODIS,63,6.1NRT,293.01,5.14,N
21.75474,83.83316,310.14,2.56,1.54,2026-09-05,0349,Terra,MODIS,48,6.1NRT,292.4,17.86,D
20.96987,85.16982,312.77,3.35,1.73,2026-09-05,0349,Terra,MODIS,47,6.1NRT,290.68,32.88,D
19.02069,72.88979,307.93,1.19,1.09,2026-09-05,0349,Terra,MODIS,27,6.1NRT,292.16,5.93,D
17.48004,78.90983,316.59,1.36,1.15,2026-09-05,0349,Terra,MODIS,67,6.1NRT,295.83,10.54,D
17.4799,78.91657,314.32,1.36,1.16,2026-09-05,0349,Terra,MODIS,54,6.1NRT,295.67,7.93,D
17.26519,78.77831,313.3,1.34,1.15,2026-09-05,0349,Terra,MODIS,57,6.1NRT,295.25,8.03,D
14.92661,77.8449,316.67,1.27,1.12,2026-09-05,0349,Terra,MODIS,56,6.1NRT,298.15,8.87,D
14.92483,77.85633,314.81,1.28,1.12,2026-09-05,0349,Terra,MODIS,44,6.1NRT,298.15,6.61,D
12.66423,77.79878,314.29,1.36,1.16,2026-09-05,0349,Terra,MODIS,59,6.1NRT,296.23,7.98,D
12.66614,77.79315,313.21,1.36,1.16,2026-09-05,0349,Terra,MODIS,44,6.1NRT,296.46,6.42,D
12.58552,77.84337,312.88,1.38,1.16,2026-09-05,0351,Terra,MODIS,57,6.1NRT,296.42,8.48,D
10.67079,77.68202,322.25,1.44,1.19,2026-09-05,0351,Terra,MODIS,74,6.1NRT,299.97,11.73,D
21.10401,72.64534,321.77,1.57,1.24,2026-09-05,1053,Aqua,MODIS,0,6.1NRT,294.64,25.13,D
19.09957,82.16705,305.99,1.69,1.28,2026-09-05,1442,Terra,MODIS,66,6.1NRT,288.58,10.78,N
19.09952,82.16135,303.18,1.69,1.28,2026-09-05,1442,Terra,MODIS,47,6.1NRT,288.92,7.58,N
20.7972,85.2582,308.96,1.06,1.03,2026-09-05,1442,Terra,MODIS,61,6.1NRT,295.86,5.43,N
20.96106,86.01121,308.39,1.02,1.01,2026-09-05,1442,Terra,MODIS,26,6.1NRT,295.37,4.94,N
20.96986,86.00974,308.63,1.02,1.01,2026-09-05,1442,Terra,MODIS,29,6.1NRT,296.16,5.03,N
20.86891,84.99461,312.43,1.09,1.04,2026-09-05,1442,Terra,MODIS,80,6.1NRT,295.87,8.79,N
20.86742,84.98457,306.78,1.09,1.04,2026-09-05,1442,Terra,MODIS,53,6.1NRT,294.89,4.27,N
20.88556,84.98139,309.56,1.09,1.04,2026-09-05,1442,Terra,MODIS,69,6.1NRT,296.02,6.57,N
20.96239,85.18746,312.6,1.07,1.03,2026-09-05,1442,Terra,MODIS,80,6.1NRT,296.27,8.53,N
20.96991,85.17601,314.66,1.07,1.03,2026-09-05,1442,Terra,MODIS,86,6.1NRT,295.76,10.01,N
20.96843,85.16607,310.74,1.07,1.03,2026-09-05,1442,Terra,MODIS,60,6.1NRT,295.95,6.67,N
21.07898,85.03888,308.45,1.08,1.04,2026-09-05,1442,Terra,MODIS,65,6.1NRT,295.93,5.61,N
21.92078,83.35056,306.95,1.27,1.12,2026-09-05,1442,Terra,MODIS,70,6.1NRT,292.3,7,N
23.66457,87.15462,309.22,1.02,1.01,2026-09-05,1442,Terra,MODIS,73,6.1NRT,293.53,5.73,N
23.6827,86.40029,307.11,1,1,2026-09-05,1442,Terra,MODIS,64,6.1NRT,294.54,4.24,N
23.67788,86.08374,307.01,1,1,2026-09-05,1442,Terra,MODIS,33,6.1NRT,294.07,3.88,N
23.73484,86.43409,313.2,1,1,2026-09-05,1442,Terra,MODIS,86,6.1NRT,295.5,7.76,N
23.70279,86.06985,312.32,1,1,2026-09-05,1442,Terra,MODIS,83,6.1NRT,291.12,8.31,N
23.75722,86.4012,311.33,1,1,2026-09-05,1442,Terra,MODIS,58,6.1NRT,295.04,6.12,N
23.76597,86.39976,316.34,1,1,2026-09-05,1442,Terra,MODIS,93,6.1NRT,295.62,9.8,N
23.78217,86.38734,309.78,1,1,2026-09-05,1442,Terra,MODIS,36,6.1NRT,294.38,4.9,N
23.64939,85.4342,308.1,1.01,1.01,2026-09-05,1442,Terra,MODIS,71,6.1NRT,293.54,5.69,N
23.77491,86.20368,308.21,1,1,2026-09-05,1442,Terra,MODIS,71,6.1NRT,294.97,5.12,N
23.8038,86.32922,313.77,1,1,2026-09-05,1442,Terra,MODIS,88,6.1NRT,295,8.92,N
23.75558,85.85075,307.52,1,1,2026-09-05,1442,Terra,MODIS,71,6.1NRT,294.51,4.68,N
18.6398,74.49281,301.97,1.15,1.07,2026-09-05,2301,Aqua,MODIS,46,6.1NRT,290.72,4.97,N
22.36408,87.30456,314.34,1.39,1.17,2026-09-06,0249,Terra,MODIS,38,6.1NRT,296.59,8.52,D
21.07413,85.04475,310.92,1.91,1.35,2026-09-06,0249,Terra,MODIS,55,6.1NRT,291.65,12.85,D
20.95234,86.04659,314.52,1.61,1.25,2026-09-06,0249,Terra,MODIS,58,6.1NRT,295.08,11.56,D
20.96955,85.16922,313.74,1.87,1.34,2026-09-06,0249,Terra,MODIS,38,6.1NRT,293.36,13.4,D
22.37745,87.27962,316.43,1.39,1.17,2026-09-06,0249,Terra,MODIS,58,6.1NRT,296.94,12.9,D
15.17999,76.67388,308.08,1.07,1.03,2026-09-06,1518,Terra,MODIS,65,6.1NRT,288.69,5.63,N
15.1786,76.66425,306.25,1.07,1.03,2026-09-06,1518,Terra,MODIS,63,6.1NRT,288.18,4.67,N
12.67879,77.06564,302.56,1.09,1.04,2026-09-06,1518,Terra,MODIS,50,6.1NRT,286.26,5.02,N
20.7957,85.26218,305.67,1.16,1.07,2026-09-06,2201,Aqua,MODIS,64,6.1NRT,292.4,5.05,N
23.68986,87.11395,311.48,1.74,1.29,2026-09-07,0328,Terra,MODIS,62,6.1NRT,293.63,10.43,D
23.77539,86.20834,312.22,1.5,1.21,2026-09-07,0328,Terra,MODIS,64,6.1NRT,290.85,10.33,D
12.51929,79.08004,308.89,1,1,2026-09-07,0330,Terra,MODIS,52,6.1NRT,282.97,7.1,D
17.35195,82.43413,310.7,1.13,1.06,2026-09-07,0330,Terra,MODIS,60,6.1NRT,295.73,5.03,D
21.9201,83.34914,310.2,1.11,1.05,2026-09-07,0330,Terra,MODIS,59,6.1NRT,293.6,5.93,D
21.75021,83.84979,314.03,1.17,1.08,2026-09-07,0330,Terra,MODIS,22,6.1NRT,293.98,8.21,D
21.7425,83.83708,313.92,1.17,1.08,2026-09-07,0330,Terra,MODIS,43,6.1NRT,294.51,8.57,D
21.74078,83.84806,315.46,1.17,1.08,2026-09-07,0330,Terra,MODIS,58,6.1NRT,294.07,10.08,D
20.96167,86.01485,318.2,1.64,1.26,2026-09-07,0330,Terra,MODIS,62,6.1NRT,293.89,18.65,D
21.17738,81.38741,311.5,1,1,2026-09-07,0330,Terra,MODIS,0,6.1NRT,295.21,4.67,D
19.09529,82.164,309.48,1.06,1.03,2026-09-07,0330,Terra,MODIS,56,6.1NRT,294.59,5.11,D
15.29755,79.90918,320.07,1,1,2026-09-07,0330,Terra,MODIS,58,6.1NRT,299.85,6.22,D
15.29626,79.91824,322.86,1,1,2026-09-07,0330,Terra,MODIS,71,6.1NRT,299.68,9.75,D
14.82669,79.66084,321.25,1,1,2026-09-07,0330,Terra,MODIS,68,6.1NRT,301.78,6.92,D
10.93267,78.49494,326.08,1,1,2026-09-07,0332,Terra,MODIS,78,6.1NRT,297.86,14.41,D
27.87733,96.90741,319.15,1,1,2026-09-07,0854,Aqua,MODIS,79,6.1NRT,295.66,13.54,D
9.54162,77.89803,331.99,1.07,1.03,2026-09-07,1028,Aqua,MODIS,46,6.1NRT,310.19,13.66,D
10.94659,78.78937,325.45,1.23,1.1,2026-09-07,1028,Aqua,MODIS,42,6.1NRT,304.3,15.99,D
14.62007,79.26971,322.18,1.48,1.2,2026-09-07,1028,Aqua,MODIS,45,6.1NRT,303.42,12.88,D
14.64966,75.64705,342.25,1.01,1,2026-09-07,1030,Aqua,MODIS,91,6.1NRT,300.3,38.52,D
14.64835,75.63805,319.01,1.01,1,2026-09-07,1030,Aqua,MODIS,69,6.1NRT,301.84,7.59,D
23.17666,68.86337,319.32,1.46,1.2,2026-09-07,1032,Aqua,MODIS,71,6.1NRT,298.41,20.43,D
25.54453,91.23573,300.78,1.01,1,2026-09-07,1422,Terra,MODIS,33,6.1NRT,289.13,4.23,N
29.91898,74.9566,306.65,1.72,1.29,2026-09-07,2237,Aqua,MODIS,67,6.1NRT,294.48,11.78,N
29.90771,74.95505,307.34,1.72,1.29,2026-09-07,2237,Aqua,MODIS,70,6.1NRT,293.91,12.74,N
22.36208,82.30398,305.64,1.34,1.15,2026-09-07,2240,Aqua,MODIS,65,6.1NRT,290.62,7.62,N
21.75527,83.84705,315.34,1.75,1.3,2026-09-07,2240,Aqua,MODIS,91,6.1NRT,291.6,25.58,N
21.74409,83.84461,304.79,1.75,1.3,2026-09-07,2240,Aqua,MODIS,62,6.1NRT,291.45,9.13,N
29.90406,80.18006,302.17,2.05,1.39,2026-09-08,0404,Terra,MODIS,33,6.1NRT,283.79,7.75,D
28.16673,77.89922,309.59,1.57,1.23,2026-09-08,0404,Terra,MODIS,47,6.1NRT,295.75,8.27,D
24.81408,79.4015,309.6,2.34,1.48,2026-09-08,0406,Terra,MODIS,47,6.1NRT,292.61,13.85,D
22.54952,71.63548,313.63,1,1,2026-09-08,0406,Terra,MODIS,60,6.1NRT,298.57,5.27,D
20.5178,79.11936,311.21,2.76,1.59,2026-09-08,0406,Terra,MODIS,56,6.1NRT,290.9,22.12,D
19.41606,79.21944,310.72,2.97,1.64,2026-09-08,0406,Terra,MODIS,56,6.1NRT,291.62,22.66,D
18.77574,79.99059,311.21,3.51,1.76,2026-09-08,0406,Terra,MODIS,0,6.1NRT,292.68,30.31,D
22.35891,82.30371,302.02,1.01,1,2026-09-08,1459,Terra,MODIS,46,6.1NRT,281.13,4.13,N
21.10759,72.64679,307.59,1.37,1.16,2026-09-08,2316,Aqua,MODIS,72,6.1NRT,293.87,10.14,N
21.74266,83.84487,304.53,1.15,1.07,2026-09-09,0308,Terra,MODIS,37,6.1NRT,272.87,5.32,D
28.0818,94.82312,307.93,2.31,1.47,2026-09-09,0835,Aqua,MODIS,41,6.1NRT,289.3,16.09,D
14.60971,79.56552,327.07,1.04,1.02,2026-09-09,1006,Aqua,MODIS,68,6.1NRT,301.79,14.15,D
27.37666,95.33338,306.99,1,1,2026-09-09,1401,Terra,MODIS,60,6.1NRT,294.71,3.77,N
15.17915,76.6694,310.63,1.28,1.12,2026-09-09,1537,Terra,MODIS,81,6.1NRT,296.76,8.91,N
15.17769,76.65778,310.57,1.28,1.12,2026-09-09,1537,Terra,MODIS,80,6.1NRT,296.57,8.76,N
18.51683,74.56442,306,1.09,1.04,2026-09-09,1539,Terra,MODIS,66,6.1NRT,292.17,6.09,N
18.51034,74.51455,302.9,1.08,1.04,2026-09-09,1539,Terra,MODIS,52,6.1NRT,292.3,3.98,N
18.58824,74.40654,303.63,1.07,1.03,2026-09-09,1539,Terra,MODIS,56,6.1NRT,288.69,5.08,N
18.58695,74.39668,308.14,1.07,1.03,2026-09-09,1539,Terra,MODIS,74,6.1NRT,288.89,8.18,N
18.5422,74.05591,304.26,1.05,1.02,2026-09-09,1539,Terra,MODIS,59,6.1NRT,293.71,4.2,N
18.60828,74.27696,303.14,1.06,1.03,2026-09-09,1539,Terra,MODIS,53,6.1NRT,290.65,4.29,N
18.66476,74.50033,301.19,1.09,1.04,2026-09-09,1539,Terra,MODIS,39,6.1NRT,285.31,3.84,N
18.69888,74.33785,302.04,1.07,1.03,2026-09-09,1539,Terra,MODIS,46,6.1NRT,289.37,4.25,N
21.10935,72.64367,319.08,1.01,1,2026-09-09,1539,Terra,MODIS,98,6.1NRT,297.76,13.03,N
21.10808,72.63428,310.72,1.01,1,2026-09-09,1539,Terra,MODIS,76,6.1NRT,297.33,5.97,N
25.78012,73.69926,316.92,1.17,1.08,2026-09-09,1539,Terra,MODIS,93,6.1NRT,298.29,14.58,N
25.78955,73.69786,309.4,1.17,1.08,2026-09-09,1539,Terra,MODIS,70,6.1NRT,298.11,7.36,N
29.18149,75.67741,307.63,1.69,1.28,2026-09-09,1541,Terra,MODIS,64,6.1NRT,296.42,10.52,N
12.2753,77.38427,302.32,1.61,1.25,2026-09-09,2218,Aqua,MODIS,47,6.1NRT,288.57,11.31,N
21.03225,77.36868,312.45,1.03,1.01,2026-09-10,0347,Terra,MODIS,65,6.1NRT,295.17,4.67,D
22.38048,69.33012,310.38,1,1,2026-09-10,1047,Aqua,MODIS,32,6.1NRT,296.35,5.76,D
22.36258,87.2989,311.78,1.18,1.08,2026-09-11,0947,Aqua,MODIS,70,6.1NRT,292.63,7.5,D
11.23436,79.68495,303.92,1,1,2026-09-11,1516,Terra,MODIS,58,6.1NRT,279.23,5.36,N
21.11052,72.64014,300.99,1.54,1.22,2026-09-11,1518,Terra,MODIS,29,6.1NRT,279.18,8.6,N
29.47834,76.85403,307.42,1.06,1.03,2026-09-11,1522,Terra,MODIS,65,6.1NRT,291.47,5.87,N
23.80397,86.33112,301.18,1.4,1.17,2026-09-11,2155,Aqua,MODIS,38,6.1NRT,286.07,5.74,N
23.76485,86.4004,300.17,1.38,1.16,2026-09-11,2155,Aqua,MODIS,3,6.1NRT,284.02,5.9,N
23.73951,86.43661,300.53,1.37,1.16,2026-09-11,2155,Aqua,MODIS,10,6.1NRT,285.23,6.29,N
23.68188,86.4015,300.9,1.38,1.16,2026-09-11,2155,Aqua,MODIS,22,6.1NRT,287,7.17,N
21.7441,83.84272,318.07,1.14,1.07,2026-09-12,0328,Terra,MODIS,76,6.1NRT,285.75,15.24,D
13.93189,78.47188,320.82,1.04,1.02,2026-09-12,0330,Terra,MODIS,72,6.1NRT,299.95,8.63,D
12.20675,79.5255,315.43,1,1,2026-09-12,0330,Terra,MODIS,63,6.1NRT,289.19,8.6,D
11.50691,78.01083,314.49,1.04,1.02,2026-09-12,0330,Terra,MODIS,69,6.1NRT,287.61,8.65,D
10.86789,77.49973,311.07,1.07,1.03,2026-09-12,0330,Terra,MODIS,61,6.1NRT,284.17,6.39,D
26.92788,94.99763,310.39,1.32,1.14,2026-09-12,0850,Aqua,MODIS,64,6.1NRT,293.52,7.33,D
28.02926,96.06071,311.94,1.12,1.06,2026-09-12,0850,Aqua,MODIS,25,6.1NRT,294.88,5.73,D
9.63119,77.46328,310.97,1.01,1.01,2026-09-12,1021,Aqua,MODIS,33,6.1NRT,290.73,5.81,D
11.30953,78.57574,321.27,1.02,1.01,2026-09-12,1021,Aqua,MODIS,70,6.1NRT,299.28,10.4,D
11.78687,79.59202,311.6,1.11,1.05,2026-09-12,1021,Aqua,MODIS,56,6.1NRT,288.85,4.6,D
12.60968,76.29048,313.04,1.04,1.02,2026-09-12,1021,Aqua,MODIS,61,6.1NRT,295.2,3.82,D
31.11804,74.62901,314.48,1.06,1.03,2026-09-12,1026,Aqua,MODIS,52,6.1NRT,299.96,6.21,D
31.55921,75.3336,313.01,1.14,1.06,2026-09-12,1026,Aqua,MODIS,39,6.1NRT,299.71,8.06,D
31.70009,74.9928,314.54,1.1,1.05,2026-09-12,1026,Aqua,MODIS,46,6.1NRT,299.8,6.32,D
31.77139,75.03778,315.94,1.11,1.05,2026-09-12,1026,Aqua,MODIS,65,6.1NRT,299.22,7.63,D
23.77925,86.20953,302.11,1.74,1.29,2026-09-12,2231,Aqua,MODIS,34,6.1NRT,289.25,9.17,N
22.21165,84.86924,303.66,1.5,1.21,2026-09-12,2231,Aqua,MODIS,56,6.1NRT,291.65,7.64,N
20.9697,85.17201,307.49,1.67,1.27,2026-09-12,2231,Aqua,MODIS,72,6.1NRT,290.12,13.84,N
20.96693,85.18732,306.25,1.67,1.27,2026-09-12,2231,Aqua,MODIS,61,6.1NRT,288.13,12.92,N
19.10175,82.16541,303.33,1.01,1,2026-09-13,1459,Terra,MODIS,55,6.1NRT,289.27,4.72,N
20.97322,86.0125,308.25,1.37,1.16,2026-09-13,1459,Terra,MODIS,74,6.1NRT,291.4,9.23,N
26.88008,73.51734,305.16,1.05,1.02,2026-09-13,2309,Aqua,MODIS,63,6.1NRT,291.65,4.34,N
26.77024,92.75946,309.71,1.62,1.25,2026-09-14,0304,Terra,MODIS,64,6.1NRT,293.74,8.45,D
24.25327,92.8651,309.13,1.85,1.33,2026-09-14,0304,Terra,MODIS,30,6.1NRT,293.51,10.13,D
23.80516,86.32338,314.19,1.01,1,2026-09-14,0306,Terra,MODIS,66,6.1NRT,295.34,6.7,D
23.80383,86.33302,317.3,1.01,1,2026-09-14,0306,Terra,MODIS,71,6.1NRT,294.64,9.15,D
23.76407,86.409,313.99,1.01,1,2026-09-14,0306,Terra,MODIS,38,6.1NRT,295.22,5.78,D
22.75826,88.3037,310.73,1.06,1.03,2026-09-14,0306,Terra,MODIS,54,6.1NRT,295.7,4.73,D
19.09433,82.1663,319.37,1.01,1,2026-09-14,1002,Aqua,MODIS,75,6.1NRT,299.83,11.3,D
17.60619,83.20116,313.71,1.04,1.02,2026-09-14,1002,Aqua,MODIS,61,6.1NRT,298.69,5.19,D
20.96498,85.17587,318.16,1.42,1.18,2026-09-14,1002,Aqua,MODIS,52,6.1NRT,296.53,14.19,D
20.96334,85.16265,316.64,1.42,1.18,2026-09-14,1002,Aqua,MODIS,18,6.1NRT,296.63,11.65,D
21.75702,84.01762,317.49,1.24,1.11,2026-09-14,1002,Aqua,MODIS,71,6.1NRT,298.05,11.75,D
21.74407,83.84457,322.85,1.21,1.09,2026-09-14,1002,Aqua,MODIS,62,6.1NRT,298.61,15.24,D
21.91599,83.35078,317.07,1.15,1.07,2026-09-14,1002,Aqua,MODIS,70,6.1NRT,299.01,10.06,D
31.54508,75.07439,313.76,1.25,1.11,2026-09-14,1004,Aqua,MODIS,52,6.1NRT,297.04,7.75,D
18.50484,74.25053,323.72,1.04,1.02,2026-09-14,1537,Terra,MODIS,100,6.1NRT,291.73,22.08,N
18.68763,74.38463,302.64,1.06,1.03,2026-09-14,1537,Terra,MODIS,50,6.1NRT,291.66,4.25,N
18.4959,74.25183,303.8,1.04,1.02,2026-09-14,1537,Terra,MODIS,57,6.1NRT,291.48,5,N
23.76935,86.39807,308.63,1,1,2026-09-14,2210,Aqua,MODIS,17,6.1NRT,294.61,5.2,N
23.76792,86.40753,314.79,1,1,2026-09-14,2210,Aqua,MODIS,89,6.1NRT,294.38,9.73,N
23.75922,86.40601,307.68,1,1,2026-09-14,2210,Aqua,MODIS,17,6.1NRT,293.61,4.74,N
23.78032,86.20579,305.36,1,1,2026-09-14,2210,Aqua,MODIS,63,6.1NRT,294.32,4.44,N
23.77891,86.21526,309.42,1,1,2026-09-14,2210,Aqua,MODIS,77,6.1NRT,294,7,N
23.713,86.45029,306.74,1,1,2026-09-14,2210,Aqua,MODIS,41,6.1NRT,293.82,4.51,N
23.68531,86.39695,312.64,1,1,2026-09-14,2210,Aqua,MODIS,85,6.1NRT,294.19,9.3,N
23.7571,85.85487,304.18,1.01,1,2026-09-14,2210,Aqua,MODIS,59,6.1NRT,293.22,3.87,N
23.68418,86.08914,304.42,1,1,2026-09-14,2210,Aqua,MODIS,60,6.1NRT,293.38,3.86,N
23.65057,85.44037,303.97,1.02,1.01,2026-09-14,2210,Aqua,MODIS,58,6.1NRT,292.19,4.44,N
22.7967,86.20923,309.44,1,1,2026-09-14,2210,Aqua,MODIS,76,6.1NRT,293.55,6.81,N
22.38021,87.28359,309.49,1.03,1.02,2026-09-14,2210,Aqua,MODIS,72,6.1NRT,294.93,6.48,N
22.36833,87.30132,307.52,1.03,1.02,2026-09-14,2210,Aqua,MODIS,59,6.1NRT,294.6,5.04,N
22.04348,83.73772,305.35,1.14,1.06,2026-09-14,2210,Aqua,MODIS,62,6.1NRT,293.72,5.68,N
21.92101,83.35252,305.96,1.18,1.08,2026-09-14,2210,Aqua,MODIS,63,6.1NRT,292.95,6.08,N
21.76184,83.84674,308.13,1.12,1.05,2026-09-14,2210,Aqua,MODIS,71,6.1NRT,293.37,6.86,N
20.95177,86.04572,304.91,1,1,2026-09-14,2210,Aqua,MODIS,46,6.1NRT,293.22,4.26,N
21.75264,83.84534,312.46,1.12,1.05,2026-09-14,2210,Aqua,MODIS,84,6.1NRT,293.41,10.21,N
23.69386,87.12473,307.62,1.01,1.01,2026-09-14,2210,Aqua,MODIS,66,6.1NRT,293.94,5.5,N
23.80686,86.32697,309.23,1,1,2026-09-14,2210,Aqua,MODIS,76,6.1NRT,294.29,6.48,N
23.80544,86.33644,306.78,1,1,2026-09-14,2210,Aqua,MODIS,50,6.1NRT,293.75,4.52,N
21.75249,83.853,309.86,2.39,1.49,2026-09-15,0345,Terra,MODIS,48,6.1NRT,292.43,13.97,D
21.73956,83.85016,310.47,2.39,1.49,2026-09-15,0345,Terra,MODIS,55,6.1NRT,292.71,15.82,D
20.96644,85.16231,311.34,3.11,1.67,2026-09-15,0345,Terra,MODIS,61,6.1NRT,290.93,25.79,D
20.96077,85.19082,310.48,3.13,1.68,2026-09-15,0345,Terra,MODIS,55,6.1NRT,290.46,21.4,D
20.96582,85.15552,310.1,3.11,1.67,2026-09-15,0345,Terra,MODIS,58,6.1NRT,290.86,22.07,D
20.96037,85.18401,311.42,3.13,1.68,2026-09-15,0345,Terra,MODIS,62,6.1NRT,290.54,26.52,D
20.75928,80.65412,312.36,1.46,1.2,2026-09-15,0345,Terra,MODIS,65,6.1NRT,293.02,11.94,D
19.92477,83.27883,309.21,2.36,1.48,2026-09-15,0347,Terra,MODIS,50,6.1NRT,290.42,17.13,D
19.92662,83.2734,306.65,2.36,1.48,2026-09-15,0347,Terra,MODIS,47,6.1NRT,290.37,12.81,D
18.69345,73.03898,311.68,1.23,1.1,2026-09-15,0347,Terra,MODIS,0,6.1NRT,296.67,7.32,D
18.68233,73.04897,311.03,1.22,1.1,2026-09-15,0347,Terra,MODIS,39,6.1NRT,296.6,6.78,D
17.69876,78.59283,308.57,1.22,1.1,2026-09-15,0347,Terra,MODIS,46,6.1NRT,294.14,5.23,D
15.1791,76.64234,318.04,1.06,1.03,2026-09-15,0347,Terra,MODIS,47,6.1NRT,301.43,6.67,D
12.30221,78.41755,310.94,1.42,1.18,2026-09-15,0349,Terra,MODIS,54,6.1NRT,294.54,6.71,D
11.01151,78.06417,317.68,1.41,1.17,2026-09-15,0349,Terra,MODIS,52,6.1NRT,295.97,9.65,D
10.47621,77.94318,312.08,1.41,1.17,2026-09-15,0349,Terra,MODIS,34,6.1NRT,287.5,9.13,D
10.47947,77.93777,316.7,1.41,1.17,2026-09-15,0349,Terra,MODIS,68,6.1NRT,290.57,15.44,D
24.26568,93.83005,319.3,1.07,1.03,2026-09-15,0905,Aqua,MODIS,75,6.1NRT,295.96,14.67,D
14.43588,77.26526,326.84,1.47,1.2,2026-09-15,1038,Aqua,MODIS,56,6.1NRT,302.39,22.67,D
14.44635,77.26385,321.62,1.47,1.2,2026-09-15,1038,Aqua,MODIS,44,6.1NRT,299.2,13.39,D
15.44818,75.32012,328.04,1.16,1.07,2026-09-15,1038,Aqua,MODIS,78,6.1NRT,307.59,12.46,D
20.7962,85.25871,307.63,1.1,1.05,2026-09-15,1440,Terra,MODIS,67,6.1NRT,290.64,6.22,N
20.79465,85.24844,307.47,1.11,1.05,2026-09-15,1440,Terra,MODIS,68,6.1NRT,288.37,6.28,N
21.07873,85.04266,307.21,1.12,1.06,2026-09-15,1440,Terra,MODIS,65,6.1NRT,293.61,5.5,N
21.07717,85.03223,308.75,1.12,1.06,2026-09-15,1440,Terra,MODIS,71,6.1NRT,293.81,6.63,N
21.7478,83.84496,307.69,1.26,1.12,2026-09-15,1440,Terra,MODIS,19,6.1NRT,293.65,5.81,N
21.74914,83.83895,308.54,1.26,1.12,2026-09-15,1440,Terra,MODIS,24,6.1NRT,293.79,6.59,N
21.76076,83.84886,309.39,1.26,1.12,2026-09-15,1440,Terra,MODIS,52,6.1NRT,293.96,7.73,N
22.36227,87.29712,307.54,1,1,2026-09-15,1440,Terra,MODIS,59,6.1NRT,296.18,4.14,N
22.37726,87.27539,311.43,1,1,2026-09-15,1440,Terra,MODIS,76,6.1NRT,296.42,6.66,N
22.03969,83.73022,306.74,1.27,1.12,2026-09-15,1440,Terra,MODIS,59,6.1NRT,292.98,6.88,N
22.79132,86.20373,311.9,1.01,1,2026-09-15,1440,Terra,MODIS,82,6.1NRT,291.76,8.4,N
22.80145,86.21175,316.39,1.01,1,2026-09-15,1440,Terra,MODIS,93,6.1NRT,291.64,11.67,N
22.36108,82.3073,303.62,1.83,1.33,2026-09-15,2246,Aqua,MODIS,56,6.1NRT,291.32,9.34,N
21.75339,83.85629,304.13,2.47,1.51,2026-09-15,2246,Aqua,MODIS,58,6.1NRT,290.6,15.27,N
20.9652,85.17408,301.8,3.23,1.7,2026-09-15,2246,Aqua,MODIS,44,6.1NRT,288.08,16.74,N
20.78954,85.26179,310.1,1.97,1.37,2026-09-16,0247,Terra,MODIS,56,6.1NRT,290.98,12.51,D
20.968,85.18233,310.57,2.01,1.38,2026-09-16,0247,Terra,MODIS,44,6.1NRT,291.15,13.37,D
21.02876,70.47346,308.93,1.37,1.16,2026-09-16,0425,Terra,MODIS,56,6.1NRT,292.02,6.24,D
21.74402,83.84072,319.67,1.2,1.09,2026-09-16,0939,Aqua,MODIS,52,6.1NRT,298.93,9.7,D
22.36186,87.30132,315.89,1.02,1.01,2026-09-16,0939,Aqua,MODIS,25,6.1NRT,291.86,7.58,D
22.03424,83.73176,315.96,1.2,1.09,2026-09-16,0939,Aqua,MODIS,37,6.1NRT,298.15,8.69,D
21.67533,84.04078,315.18,1.17,1.08,2026-09-16,0939,Aqua,MODIS,68,6.1NRT,299.23,9.15,D
20.62916,78.06312,314.6,3.23,1.7,2026-09-16,0939,Aqua,MODIS,44,6.1NRT,293.58,31.74,D
21.76394,84.01836,315.57,1.17,1.08,2026-09-16,0939,Aqua,MODIS,65,6.1NRT,299.18,8.29,D
20.88293,84.98697,314.43,1.09,1.04,2026-09-16,0939,Aqua,MODIS,30,6.1NRT,299.05,7.67,D
21.07696,85.04229,315.86,1.08,1.04,2026-09-16,0939,Aqua,MODIS,56,6.1NRT,299.07,7.75,D
22.18583,76.48415,313.13,3.9,1.84,2026-09-16,0941,Aqua,MODIS,49,6.1NRT,292.25,36.8,D
24.34863,75.42268,310.06,4.14,1.88,2026-09-16,0941,Aqua,MODIS,0,6.1NRT,287.81,30.98,D
23.68981,87.10044,313.43,1.02,1.01,2026-09-16,0941,Aqua,MODIS,54,6.1NRT,297.37,5.7,D
23.75637,86.40142,316.45,1,1,2026-09-16,0941,Aqua,MODIS,16,6.1NRT,291.56,11.3,D
15.1802,76.65447,311.4,1.12,1.05,2026-09-16,1516,Terra,MODIS,62,6.1NRT,296.6,6.43,N
21.7528,83.8354,308.9,2.17,1.43,2026-09-16,1516,Terra,MODIS,73,6.1NRT,292.4,18.71,N
21.10998,72.64548,315.09,1.59,1.24,2026-09-16,1516,Terra,MODIS,90,6.1NRT,292.39,21.2,N
21.10752,72.63074,307.74,1.59,1.24,2026-09-16,1516,Terra,MODIS,69,6.1NRT,292.09,10.47,N
20.97248,85.1703,304.13,2.68,1.57,2026-09-16,1516,Terra,MODIS,48,6.1NRT,285.53,17.39,N
23.80003,86.3347,310.65,1.43,1.18,2026-09-17,0323,Terra,MODIS,56,6.1NRT,293.8,7.34,D
23.68965,87.10133,311.57,1.62,1.25,2026-09-17,0323,Terra,MODIS,60,6.1NRT,293.42,9.97,D
23.75976,86.40481,316.46,1.45,1.19,2026-09-17,0323,Terra,MODIS,55,6.1NRT,294.14,13.92,D
23.78102,86.21317,312.93,1.41,1.18,2026-09-17,0323,Terra,MODIS,64,6.1NRT,295.03,9.98,D
23.77298,86.19793,310.6,1.41,1.17,2026-09-17,0323,Terra,MODIS,57,6.1NRT,295.21,7.55,D
22.03892,83.72906,314.19,1.1,1.05,2026-09-17,0325,Terra,MODIS,57,6.1NRT,296.02,7.07,D
23.16212,82.33585,309.41,1,1,2026-09-17,0325,Terra,MODIS,53,6.1NRT,293.75,4.74,D
21.92656,85.22421,309.23,1.31,1.14,2026-09-17,0325,Terra,MODIS,54,6.1NRT,293.62,7.24,D
22.3211,82.5882,313.37,1.02,1.01,2026-09-17,0325,Terra,MODIS,65,6.1NRT,294.81,6.53,D
22.35399,82.30132,316.01,1.01,1,2026-09-17,0325,Terra,MODIS,70,6.1NRT,295.44,9.6,D
22.01582,83.75686,312.45,1.1,1.05,2026-09-17,0325,Terra,MODIS,42,6.1NRT,296.18,6.01,D
21.9847,83.23624,311.35,1.06,1.03,2026-09-17,0325,Terra,MODIS,55,6.1NRT,295.83,5.75,D
21.92229,83.34212,312.61,1.07,1.03,2026-09-17,0325,Terra,MODIS,54,6.1NRT,296.37,6.21,D
21.92077,83.35213,316.65,1.07,1.03,2026-09-17,0325,Terra,MODIS,66,6.1NRT,296.31,9.74,D
21.67419,84.04524,310.42,1.14,1.07,2026-09-17,0325,Terra,MODIS,36,6.1NRT,295.51,5.94,D
20.96769,85.17211,318.4,1.35,1.15,2026-09-17,0325,Terra,MODIS,69,6.1NRT,296.1,14.6,D
20.96565,85.18463,313.17,1.35,1.15,2026-09-17,0325,Terra,MODIS,34,6.1NRT,295.24,8.24,D
20.88496,84.98513,312.9,1.32,1.14,2026-09-17,0325,Terra,MODIS,50,6.1NRT,296.41,7.84,D
20.86306,84.99372,312.33,1.32,1.14,2026-09-17,0325,Terra,MODIS,44,6.1NRT,295.76,7.36,D
21.34626,81.66821,310.75,1,1,2026-09-17,0325,Terra,MODIS,56,6.1NRT,294.55,4.17,D
20.78953,85.25719,315.91,1.37,1.16,2026-09-17,0325,Terra,MODIS,68,6.1NRT,295.97,13.05,D
20.16999,85.65109,312.65,1.49,1.21,2026-09-17,0325,Terra,MODIS,64,6.1NRT,294.23,10.64,D
14.54418,80.11646,318.89,1,1,2026-09-17,0328,Terra,MODIS,64,6.1NRT,298.32,8.4,D
14.69715,79.3685,319.35,1.01,1.01,2026-09-17,0328,Terra,MODIS,41,6.1NRT,299.41,6.31,D
15.10863,76.89393,321.75,1.3,1.13,2026-09-17,0328,Terra,MODIS,70,6.1NRT,297.74,13.09,D
14.9226,79.67085,324.41,1.01,1,2026-09-17,0328,Terra,MODIS,74,6.1NRT,299.59,11.62,D
17.00994,80.88245,312.75,1,1,2026-09-17,0328,Terra,MODIS,58,6.1NRT,297.21,4.77,D
19.96235,79.33615,314.32,1.1,1.04,2026-09-17,0328,Terra,MODIS,65,6.1NRT,295.7,7.92,D
8.88427,78.06263,311.69,1.12,1.05,2026-09-17,1015,Aqua,MODIS,47,6.1NRT,274.09,6.13,D
11.76757,78.84091,316.59,1.01,1,2026-09-17,1017,Aqua,MODIS,62,6.1NRT,298.15,6.14,D
15.21151,79.94859,322.42,1.05,1.02,2026-09-17,1017,Aqua,MODIS,63,6.1NRT,298.58,13.33,D
15.13041,76.5501,316.13,1.13,1.06,2026-09-17,1017,Aqua,MODIS,40,6.1NRT,298.93,7.22,D
15.66732,77.69792,330.95,1.02,1.01,2026-09-17,1017,Aqua,MODIS,78,6.1NRT,305.23,16.92,D
19.09453,82.16382,313.94,1.53,1.22,2026-09-17,1017,Aqua,MODIS,55,6.1NRT,295.46,13.28,D
18.85272,79.38637,319.47,1.06,1.03,2026-09-17,1017,Aqua,MODIS,0,6.1NRT,301.62,10.34,D
29.68422,76.81583,335.96,1.06,1.03,2026-09-17,1019,Aqua,MODIS,88,6.1NRT,296.34,35.77,D
21.10493,72.63567,310.78,1.68,1.27,2026-09-17,1556,Terra,MODIS,74,6.1NRT,292.58,17.55,N
21.10654,72.64468,311.25,1.68,1.27,2026-09-17,1556,Terra,MODIS,82,6.1NRT,292.77,17.29,N
23.16951,82.34401,304.86,1,1,2026-09-17,2225,Aqua,MODIS,62,6.1NRT,290.2,5.36,N
22.35999,82.30284,310.07,1,1,2026-09-17,2225,Aqua,MODIS,79,6.1NRT,290.54,8.11,N
22.32014,82.56484,305.34,1,1,2026-09-17,2225,Aqua,MODIS,64,6.1NRT,288.78,5.26,N
22.04461,83.736,302.58,1.06,1.03,2026-09-17,2225,Aqua,MODIS,50,6.1NRT,288.35,4.29,N
21.92052,83.35065,305.16,1.03,1.02,2026-09-17,2225,Aqua,MODIS,63,6.1NRT,284.09,6.05,N
21.74792,83.8476,304.05,1.07,1.03,2026-09-17,2225,Aqua,MODIS,33,6.1NRT,281.15,5.83,N
20.97167,86.00903,303.53,1.42,1.18,2026-09-17,2225,Aqua,MODIS,56,6.1NRT,290.09,5.87,N
21.07824,85.0378,301.26,1.24,1.11,2026-09-17,2225,Aqua,MODIS,32,6.1NRT,286.35,5.85,N
20.97096,85.17862,311.17,1.27,1.12,2026-09-17,2225,Aqua,MODIS,81,6.1NRT,290.62,11.19,N
20.96898,85.19031,305.83,1.27,1.12,2026-09-17,2225,Aqua,MODIS,11,6.1NRT,290.03,6.07,N
20.96127,85.17673,303.79,1.27,1.12,2026-09-17,2225,Aqua,MODIS,13,6.1NRT,288.94,4.43,N
15.18772,76.66929,304.13,1.44,1.19,2026-09-17,2227,Aqua,MODIS,59,6.1NRT,276.8,10.74,N
22.16657,79.19482,308.04,2.4,1.49,2026-09-18,0404,Terra,MODIS,38,6.1NRT,290.11,13.53,D
20.52456,79.11807,309.96,2.56,1.54,2026-09-18,0404,Terra,MODIS,45,6.1NRT,289.89,16.4,D
20.51686,79.1099,308.46,2.56,1.54,2026-09-18,0404,Terra,MODIS,56,6.1NRT,289.51,14.68,D
20.98086,75.59861,313.81,1.4,1.17,2026-09-18,0404,Terra,MODIS,63,6.1NRT,296.52,8.42,D
23.76181,86.39532,315.33,1.74,1.29,2026-09-18,0920,Aqua,MODIS,32,6.1NRT,296.49,15.73,D
21.76366,84.02135,302.36,1.08,1.04,2026-09-18,1457,Terra,MODIS,49,6.1NRT,274.25,5.06,N
22.20898,84.85649,302.96,1.18,1.08,2026-09-18,1457,Terra,MODIS,52,6.1NRT,282.05,6.15,N
22.35567,82.30043,307.22,1,1,2026-09-18,1457,Terra,MODIS,71,6.1NRT,284.65,6.36,N
23.16357,82.33758,306.44,1,1,2026-09-18,1457,Terra,MODIS,68,6.1NRT,291.41,5.77,N
21.11081,72.64832,308.82,1,1,2026-09-18,2303,Aqua,MODIS,76,6.1NRT,295.87,6.87,N
21.10351,72.63756,314.34,1,1,2026-09-18,2303,Aqua,MODIS,83,6.1NRT,294.93,10.01,N
21.1021,72.64684,313.2,1,1,2026-09-18,2303,Aqua,MODIS,73,6.1NRT,294.99,9.09,N
15.17284,76.66437,301.57,1.87,1.34,2026-09-18,2305,Aqua,MODIS,39,6.1NRT,289.07,7.33,N
15.17758,76.65806,302.05,1.87,1.34,2026-09-18,2305,Aqua,MODIS,18,6.1NRT,289.14,7.41,N
23.67917,86.39482,309.92,1.01,1.01,2026-09-19,0304,Terra,MODIS,0,6.1NRT,294.72,4.39,D
22.38115,87.28025,313.73,1,1,2026-09-19,0304,Terra,MODIS,28,6.1NRT,295.92,6.32,D
22.36236,87.01967,312.34,1,1,2026-09-19,0304,Terra,MODIS,61,6.1NRT,295.47,6.49,D
22.22052,84.75867,312.14,1.1,1.05,2026-09-19,0304,Terra,MODIS,63,6.1NRT,295.76,6.1,D
22.03974,83.73628,311.63,1.23,1.1,2026-09-19,0304,Terra,MODIS,37,6.1NRT,294.79,6.52,D
21.76206,84.02004,311.36,1.18,1.08,2026-09-19,0304,Terra,MODIS,58,6.1NRT,293.31,6.36,D
21.7569,84.02402,310.07,1.18,1.08,2026-09-19,0304,Terra,MODIS,56,6.1NRT,293.6,5.42,D
20.96646,86.00654,314.6,1.01,1,2026-09-19,0304,Terra,MODIS,66,6.1NRT,295.54,7.28,D
20.96515,86.01594,314.78,1.01,1,2026-09-19,0304,Terra,MODIS,66,6.1NRT,296.23,7.5,D
20.9511,86.05216,315.93,1.01,1,2026-09-19,0304,Terra,MODIS,68,6.1NRT,295.8,8.09,D
21.08061,85.03307,311.04,1.06,1.03,2026-09-19,0304,Terra,MODIS,57,6.1NRT,293.86,5.63,D
20.96017,85.17321,314.27,1.05,1.02,2026-09-19,0304,Terra,MODIS,54,6.1NRT,294.81,6.86,D
20.79356,85.25119,310.94,1.04,1.02,2026-09-19,0304,Terra,MODIS,23,6.1NRT,294.18,4.3,D
20.79225,85.26087,314.17,1.04,1.02,2026-09-19,0304,Terra,MODIS,63,6.1NRT,295.07,7.02,D
23.68708,87.12609,311.8,1,1,2026-09-19,0304,Terra,MODIS,50,6.1NRT,295.63,4.61,D
23.6641,87.16128,312.01,1,1,2026-09-19,0304,Terra,MODIS,59,6.1NRT,295.17,5.35,D
23.76114,86.40398,322.85,1.01,1.01,2026-09-19,0304,Terra,MODIS,78,6.1NRT,296.54,13.31,D
23.77874,86.20846,314.01,1.02,1.01,2026-09-19,0304,Terra,MODIS,65,6.1NRT,295.99,7.53,D
23.73701,86.43362,317.01,1.01,1.01,2026-09-19,0304,Terra,MODIS,56,6.1NRT,296.28,8.34,D
23.68801,86.39623,310.46,1.01,1.01,2026-09-19,0304,Terra,MODIS,0,6.1NRT,295.26,5.09,D
28.04925,96.97885,320.69,2.97,1.64,2026-09-19,0820,Aqua,MODIS,79,6.1NRT,287.23,84.6,D
28.04467,96.95777,310.15,2.99,1.64,2026-09-19,0820,Aqua,MODIS,49,6.1NRT,288.84,41.41,D
18.38567,80.4651,318.92,1.26,1.12,2026-09-19,0954,Aqua,MODIS,0,6.1NRT,300.82,10.92,D
23.92524,76.70633,311.75,1.79,1.31,2026-09-19,0956,Aqua,MODIS,28,6.1NRT,294.91,11.73,D
21.37337,77.81451,310.09,1.68,1.27,2026-09-19,0956,Aqua,MODIS,55,6.1NRT,293.93,8.18,D
21.678,78.03727,310.29,1.6,1.24,2026-09-19,0956,Aqua,MODIS,61,6.1NRT,292.7,8.49,D
23.16157,82.33663,308.9,1,1,2026-09-19,0956,Aqua,MODIS,43,6.1NRT,293.08,4.55,D
23.65145,76.92212,311.33,1.75,1.3,2026-09-19,0956,Aqua,MODIS,54,6.1NRT,294.84,9.63,D
24.60482,76.9808,310.24,1.65,1.26,2026-09-19,0956,Aqua,MODIS,44,6.1NRT,293.63,10.08,D
24.57694,76.70499,311.35,1.73,1.29,2026-09-19,0956,Aqua,MODIS,66,6.1NRT,293.71,12.73,D
20.79156,85.25499,320.22,1.13,1.06,2026-09-19,0956,Aqua,MODIS,75,6.1NRT,292.38,14.26,D
20.96504,85.17321,320.76,1.12,1.06,2026-09-19,0956,Aqua,MODIS,44,6.1NRT,296.73,12.92,D
20.91483,78.23975,312.32,1.6,1.24,2026-09-19,0956,Aqua,MODIS,27,6.1NRT,293.14,9.52,D
31.11938,74.68237,319.31,1.72,1.29,2026-09-19,0958,Aqua,MODIS,71,6.1NRT,300.05,25,D
27.37994,95.33962,311.54,1,1,2026-09-19,1359,Terra,MODIS,80,6.1NRT,295.27,7.29,N
27.37855,95.32977,319.43,1,1,2026-09-19,1359,Terra,MODIS,98,6.1NRT,294.98,13.95,N
28.05111,96.97276,304.63,1.04,1.02,2026-09-19,1359,Terra,MODIS,59,6.1NRT,291.85,5.98,N
21.10998,72.6471,320.25,1,1,2026-09-19,1537,Terra,MODIS,90,6.1NRT,295.48,0,N
23.76583,86.40189,301.63,1.09,1.04,2026-09-19,2201,Aqua,MODIS,34,6.1NRT,272.71,4.85,N
23.80316,86.33384,300.48,1.1,1.04,2026-09-19,2201,Aqua,MODIS,20,6.1NRT,280.78,3.56,N
23.78244,86.21316,303.09,1.11,1.05,2026-09-19,2201,Aqua,MODIS,53,6.1NRT,285.41,4.92,N
20.97304,85.17599,308.25,1.16,1.07,2026-09-19,2203,Aqua,MODIS,38,6.1NRT,290.41,7.07,N
21.08373,85.04369,309.31,1.18,1.08,2026-09-19,2203,Aqua,MODIS,76,6.1NRT,290.37,9.35,N
20.95435,86.04905,305.54,1.06,1.03,2026-09-19,2203,Aqua,MODIS,61,6.1NRT,290.41,5.06,N
20.96894,86.01091,306.78,1.07,1.03,2026-09-19,2203,Aqua,MODIS,66,6.1NRT,290.25,6.06,N
20.79672,85.25616,306.45,1.14,1.06,2026-09-19,2203,Aqua,MODIS,67,6.1NRT,290.83,6.43,N
20.96369,85.1746,306.5,1.16,1.07,2026-09-19,2203,Aqua,MODIS,30,6.1NRT,290.75,5.76,N
21.75163,83.84743,310.39,2.29,1.47,2026-09-20,0345,Terra,MODIS,60,6.1NRT,290.03,16.41,D
21.75282,83.84095,309.53,2.29,1.47,2026-09-20,0345,Terra,MODIS,30,6.1NRT,290.04,13.83,D
18.69651,74.24017,322.17,1,1,2026-09-20,1034,Aqua,MODIS,70,6.1NRT,298.15,11.15,D
31.62117,75.05044,315.87,1.39,1.17,2026-09-20,1036,Aqua,MODIS,66,6.1NRT,302.5,8.43,D
23.68316,86.39922,304.89,1,1,2026-09-20,1437,Terra,MODIS,62,6.1NRT,291.09,4.05,N
23.76775,86.40783,307.25,1,1,2026-09-20,1437,Terra,MODIS,53,6.1NRT,291.23,5.55,N
23.77581,86.21033,306.81,1.01,1,2026-09-20,1437,Terra,MODIS,57,6.1NRT,292.27,6.33,N
23.76641,86.39826,312.49,1,1,2026-09-20,1437,Terra,MODIS,85,6.1NRT,291.84,9.2,N
21.07974,85.04008,308.48,1.15,1.07,2026-09-20,1437,Terra,MODIS,60,6.1NRT,283.5,8.77,N
22.36745,87.2964,305.45,1,1,2026-09-20,1437,Terra,MODIS,32,6.1NRT,290.76,3.6,N
23.66589,87.15499,307.18,1,1,2026-09-20,1437,Terra,MODIS,66,6.1NRT,289.89,5.36,N
22.36185,82.30754,306.75,1.37,1.16,2026-09-20,2242,Aqua,MODIS,69,6.1NRT,291,9.37,N
15.17984,76.65913,303.77,1,1,2026-09-20,2244,Aqua,MODIS,15,6.1NRT,280.74,4.96,N
27.37398,95.33369,310.77,1.12,1.05,2026-09-21,0243,Terra,MODIS,65,6.1NRT,293.71,5.85,D
34.59762,76.36568,300.72,1.76,1.3,2026-09-21,0419,Terra,MODIS,20,6.1NRT,282.89,10.39,D
30.03029,73.90575,315.83,1.52,1.22,2026-09-21,0421,Terra,MODIS,62,6.1NRT,303.18,11.04,D
24.33499,71.94505,314.75,1.45,1.19,2026-09-21,0421,Terra,MODIS,58,6.1NRT,298.15,10.16,D
22.97287,72.73323,311.98,1.74,1.29,2026-09-21,0421,Terra,MODIS,50,6.1NRT,295.19,10.63,D
21.62934,71.72777,310.3,1.57,1.23,2026-09-21,0423,Terra,MODIS,49,6.1NRT,296.74,7.74,D
22.58227,72.24683,314.33,1.64,1.26,2026-09-21,0423,Terra,MODIS,61,6.1NRT,295.36,11.59,D
22.46771,71.45141,311.48,1.45,1.19,2026-09-21,0423,Terra,MODIS,31,6.1NRT,296.17,6.31,D
21.1346,71.43203,310,1.53,1.22,2026-09-21,0423,Terra,MODIS,54,6.1NRT,295.49,7.28,D
22.37404,87.28043,315.33,1.03,1.01,2026-09-21,0934,Aqua,MODIS,70,6.1NRT,293.72,8.11,D
22.4216,69.04202,303.32,1,1,2026-09-21,2318,Aqua,MODIS,49,6.1NRT,290.19,3.41,N
21.10767,72.64565,314.24,1.41,1.17,2026-09-21,2318,Aqua,MODIS,89,6.1NRT,292.44,17.79,N
23.75961,86.40238,317.78,1.4,1.17,2026-09-22,0323,Terra,MODIS,72,6.1NRT,294.93,14.61,D
23.73239,86.43835,313.78,1.41,1.18,2026-09-22,0323,Terra,MODIS,35,6.1NRT,294.59,9.11,D
23.75782,85.85442,311,1.3,1.13,2026-09-22,0323,Terra,MODIS,59,6.1NRT,293.85,7.57,D
22.2106,84.86958,314.48,1.21,1.09,2026-09-22,0323,Terra,MODIS,70,6.1NRT,293.92,9.4,D
21.76344,84.02202,314.93,1.11,1.05,2026-09-22,0323,Terra,MODIS,41,6.1NRT,293.96,8.88,D
21.19626,81.41425,319.97,1,1,2026-09-22,0323,Terra,MODIS,78,6.1NRT,288.6,13.45,D
21.19494,81.42363,317.6,1,1,2026-09-22,0323,Terra,MODIS,75,6.1NRT,286.85,11.57,D
23.80288,86.32141,316.19,1.39,1.17,2026-09-22,0323,Terra,MODIS,54,6.1NRT,295.15,11.68,D
23.80064,86.33447,316.9,1.39,1.17,2026-09-22,0323,Terra,MODIS,58,6.1NRT,295.03,12.62,D
23.80337,86.32916,319.56,1.39,1.17,2026-09-22,0323,Terra,MODIS,71,6.1NRT,295.36,16.08,D
8.84474,77.86256,321.25,1.04,1.02,2026-09-22,0328,Terra,MODIS,73,6.1NRT,299.2,6.7,D
31.52943,75.14214,317.84,1.04,1.02,2026-09-22,1015,Aqua,MODIS,69,6.1NRT,299.4,9.76,D
31.68173,75.16161,320.12,1.03,1.02,2026-09-22,1015,Aqua,MODIS,73,6.1NRT,301.36,9.2,D
31.70098,75.16823,320.52,1.03,1.02,2026-09-22,1015,Aqua,MODIS,67,6.1NRT,301.95,10.02,D
21.10809,72.63554,316.1,1.62,1.25,2026-09-22,1554,Terra,MODIS,93,6.1NRT,291.76,23.05,N
22.36235,82.30865,305.71,1.08,1.04,2026-09-22,2218,Aqua,MODIS,37,6.1NRT,291.32,6.25,N
30.94925,76.82149,313.1,1.13,1.06,2026-09-23,0400,Terra,MODIS,45,6.1NRT,299.53,7.26,D
23.17384,69.86118,315.81,1.16,1.07,2026-09-23,0402,Terra,MODIS,60,6.1NRT,302.18,7.9,D
22.03982,76.99017,309.33,1.6,1.25,2026-09-23,0402,Terra,MODIS,55,6.1NRT,292.93,7.83,D
21.89955,76.94043,309.01,1.6,1.25,2026-09-23,0402,Terra,MODIS,54,6.1NRT,292.11,7.57,D
21.10039,72.64481,321.95,1.23,1.1,2026-09-23,1049,Aqua,MODIS,0,6.1NRT,301.84,16.36,D
21.63062,72.21095,314.1,1.19,1.08,2026-09-23,1049,Aqua,MODIS,49,6.1NRT,300.46,6.8,D
22.91474,69.46352,318.9,1,1,2026-09-23,1049,Aqua,MODIS,58,6.1NRT,304.64,7.09,D
21.10897,72.6383,304.25,1.07,1.03,2026-09-23,2257,Aqua,MODIS,46,6.1NRT,284.55,5.56,N
21.10756,72.64828,307.66,1.07,1.03,2026-09-23,2257,Aqua,MODIS,72,6.1NRT,284.41,8.02,N
17.86533,75.52367,310.78,4.11,1.88,2026-09-24,0949,Aqua,MODIS,24,6.1NRT,290.56,16.94,D
24.84033,78.07359,311.15,1.85,1.33,2026-09-24,0949,Aqua,MODIS,43,6.1NRT,294.65,12.01,D
30.60717,76.82268,314.92,1.69,1.28,2026-09-24,0952,Aqua,MODIS,70,6.1NRT,300.35,12.17,D
30.60769,76.81561,317.19,1.69,1.28,2026-09-24,0952,Aqua,MODIS,73,6.1NRT,300.73,15.27,D
18.69178,73.03799,306.25,1,1,2026-09-24,1533,Terra,MODIS,67,6.1NRT,294.23,4.89,N
18.46287,74.04241,308.85,1.14,1.06,2026-09-25,0345,Terra,MODIS,53,6.1NRT,295.01,4.5,D
27.37498,95.33353,312.08,1.22,1.1,2026-09-25,0852,Aqua,MODIS,49,6.1NRT,299.19,5.37,D
28.00709,95.3347,320.09,1.19,1.09,2026-09-25,0852,Aqua,MODIS,78,6.1NRT,299.55,15.13,D
22.16726,69.81633,321.6,1.71,1.28,2026-09-25,1028,Aqua,MODIS,68,6.1NRT,304.22,19.78,D
31.59107,74.76459,312.71,1.1,1.04,2026-09-25,1030,Aqua,MODIS,52,6.1NRT,298.6,6.05,D
31.73156,74.917,314.94,1.11,1.05,2026-09-25,1030,Aqua,MODIS,65,6.1NRT,300.89,7.09,D
31.77865,74.99026,314.86,1.12,1.06,2026-09-25,1030,Aqua,MODIS,65,6.1NRT,300.22,6.54,D
31.87755,74.69375,316.72,1.1,1.04,2026-09-25,1030,Aqua,MODIS,69,6.1NRT,300.39,9.71,D
